/*
SQLyog Ultimate v11.24 (32 bit)
MySQL - 5.1.49-community : Database - web
*********************************************************************
*/

/*!40101 SET NAMES utf8 */;

/*!40101 SET SQL_MODE=''*/;

/*!40014 SET @OLD_UNIQUE_CHECKS=@@UNIQUE_CHECKS, UNIQUE_CHECKS=0 */;
/*!40014 SET @OLD_FOREIGN_KEY_CHECKS=@@FOREIGN_KEY_CHECKS, FOREIGN_KEY_CHECKS=0 */;
/*!40101 SET @OLD_SQL_MODE=@@SQL_MODE, SQL_MODE='NO_AUTO_VALUE_ON_ZERO' */;
/*!40111 SET @OLD_SQL_NOTES=@@SQL_NOTES, SQL_NOTES=0 */;
CREATE DATABASE /*!32312 IF NOT EXISTS*/`web` /*!40100 DEFAULT CHARACTER SET utf8 */;

USE `web`;

/*Table structure for table `achievement_table` */

DROP TABLE IF EXISTS `achievement_table`;

CREATE TABLE `achievement_table` (
  `id` int(11) NOT NULL AUTO_INCREMENT,
  `student_num` varchar(12) NOT NULL COMMENT '学生学号',
  `type_num` int(11) NOT NULL COMMENT '成果类型',
  `img` varchar(124) NOT NULL COMMENT '是否有图片',
  `href` varchar(320) DEFAULT NULL COMMENT '是否有超链接',
  `description` varchar(64) NOT NULL COMMENT '是否有描述',
  `post_time` int(11) NOT NULL COMMENT '上传时间',
  PRIMARY KEY (`id`),
  KEY `achievement_student` (`student_num`),
  KEY `achievement_type` (`type_num`),
  CONSTRAINT `achievement_student` FOREIGN KEY (`student_num`) REFERENCES `user_table` (`student_num`) ON DELETE CASCADE,
  CONSTRAINT `achievement_type` FOREIGN KEY (`type_num`) REFERENCES `achievement_type_table` (`achievement_num`) ON DELETE CASCADE
) ENGINE=InnoDB AUTO_INCREMENT=36 DEFAULT CHARSET=utf8;

/*Data for the table `achievement_table` */

insert  into `achievement_table`(`id`,`student_num`,`type_num`,`img`,`href`,`description`,`post_time`) values (3,'015123213773',1,'upload/2018-4/2018-4-e6aab471b723343146144306dec0ec4b.jpg','http://kns.cnki.net/KCMS/detail/detail.aspx?dbcode=CJFQ&dbname=CJFDLAST2018&filename=XCNY201704026','地方应用型本科院校C语言课程改革探讨',1524749410),(5,'015123213773',2,'upload/2018-4/2018-4-78cc77d18471572c4c85d9454aee5752.jpg','http://www.moe.gov.cn/','教育部第二批产学合作协同育人项目',1524837065),(7,'015123213773',3,'upload/2018-4/2018-4-717a71d76d9c3c2ea47dfce281bc7442.jpg','/program/music/','在线音乐播放器',1524915852),(8,'015123213773',3,'upload/2018-5/2018-5-9b65dee116d7a8ffcc8c83dc6edf0f70.jpg','/program/jd/','仿写京东',1525189222),(10,'201610804118',3,'upload/2018-5/2018-5-182e1de5dc8b958ca23c614739c95e0f.jpg','/program/SecondWorld','Second world',1525254228),(11,'201610804034',3,'upload/2018-5/2018-5-7bfd1b460a2685ab18733d2fb025c908.jpg','/program/mine','小红帽雨伞',1525254248),(12,'201610804024',3,'upload/2018-5/2018-5-de07ea9d888ed133d7607a3a48f5d211.jpg','/program/world','“美好世界”博客',1525255177),(13,'201610804032',3,'upload/2018-5/2018-5-b6d4742a5de87f0e76548d85093538ae.jpg','/program/coff','转角咖啡店',1525255464),(14,'201610803025',3,'upload/2018-5/2018-5-1cad302f7d7c6958b8d197718540f46c.jpg','/program/changeimage','百度创意换肤',1525350869),(15,'201510803075',3,'upload/2018-5/2018-5-e0e7e462e2046e511188b980bd883017.jpg','http://www.cheneason.cn','广告图片管理系统',1525416941),(16,'201510804013',3,'upload/2018-5/2018-5-5528f5f97095900fc3cba09731cd622c.jpg','http://www.animiz.cn/v-00005279.html','宫崎骏的人生',1525420898),(17,'201510804002',4,'upload/2018-5/2018-5-1435179fd2155bbd38c6ef5ab44987ec.jpg','/upload/image/001.jpg','网页设计大赛一等奖',1525965791),(18,'201510803075',4,'upload/2018-5/2018-5-2e4b6cc4203f5dfe96a0ce9e965ddc74.jpg','/upload/image/002.jpg','ACM三等奖',1525966041),(19,'201510803075',4,'upload/2018-5/2018-5-2b4d68b6d7302239e05d19455f573b55.jpg','/upload/image/006.jpg','创青春省级铜奖',1525966103),(20,'201510803075',4,'upload/2018-5/2018-5-bbc57ac1086a72b3bb3fa2e3efad5270.jpg','/upload/image/007.jpg','互联网+省级铜奖',1525966171),(21,'201510803075',4,'upload/2018-5/2018-5-4ef19d86090ff66b3cdcc0f32be480e9.jpg','/upload/image/005.jpg','ACM省级铜奖',1525966229),(22,'201510804002',1,'upload/2018-5/2018-5-fe0f76710e91dcd3cee43667e3d3bfe2.jpg','http://kns.cnki.net/KCMS/detail/detail.aspx?dbcode=CJFQ&dbname=CJFDPREP&filename=PZHD201802012','Swiper技术在网页设计中的应用浅析',1525966284),(23,'015123213773',3,'upload/2018-5/2018-5-764c24c63d3dcf1ee5b1688e33cfe5eb.jpg','/program/stu/','幸运大抽奖',1525968607),(24,'015123213773',2,'upload/2018-5/2018-5-7442a144e40764add132da2456efdf2d.jpg','','政协提案系统研究（校级科研项目2016YB016）',1526085071),(25,'015123213773',5,'upload/2018-5/2018-5-4e4701690d94252b4d925658a1389bab.jpg','/upload/file/攀枝花学院关于批准2016年教育教学研究与改革项目的通知.pdf','Java应用开发实训课程资源建设（校级教研项目JJ1635）',1526085173),(26,'015123213773',5,'upload/2018-5/2018-5-78174b548bbae2791ce16547693bc81a.jpg','/upload/file/攀枝花学院关于批准2017年教育教学研究与改革项目的通知.pdf','Java应用开发实训课程考核改革（校级教研项目JJ1745）',1526085252),(27,'015123213773',5,'upload/2018-5/2018-5-9557445d18687fdaff8688b889785e46.jpg','/upload/file/攀枝花学院关于批准2017年首批混合式教学课程建设项目的通知.pdf','WEB应用开发与实践（混合式课程建设项目）',1526085317),(28,'201510803075',1,'upload/2018-6/2018-6-3798cdac6cecc9f343dc0b59e4f5afdf.jpg','','基于Shiro框架的政协提案系统安全性研究与设计',1529509095),(29,'201610804118',1,'upload/2018-7/2018-7-3d6a955ca13a48db2cc73a0ad3cc2904.jpg','http://kns.cnki.net/kcms/detail/detail.aspx?dbcode=CJFD&filename=DNZS201818021&dbname=CJFDPREP','JavaEE中Filter技术的研究与应用',1532070280),(30,'201610804032',1,'upload/2018-7/2018-7-d3a9d98a7febf38e5e26c9f71dadd5b6.jpg','','基于Node.js的创新团队管理系统的设计与实现',1532070353),(31,'201610804026',1,'upload/2018-7/2018-7-4fa5d8a9ec37924a503317784861c935.jpg','http://kns.cnki.net/KCMS/detail/detail.aspx?dbcode=CJFQ&dbname=CJFDTEMP&filename=DNZS201820012','基于Servlet的验证码设计与实现',1532070456),(32,'201510804013',6,'upload/2018-7/2018-7-a9698fbde2424a5ea121286bab3f1976.jpg','','基于Node.js和Vue的三端全响应式IT技术交流平台（2018cxcy103）',1532071528),(33,'201510804002',6,'upload/2018-7/2018-7-c7d78f63ded0364b923ed5e94edf7fa2.jpg','','基于响应式布局的创新团队管理系统的设计与实现（2018cxcy104）',1532071560),(34,'015123213773',1,'upload/2018-9/2018-9-133d13ccecba875a0950198f8e5103c1.jpg','','基于问题解决的JDBC教学方法的改革和探讨',1537166647),(35,'201610803025',3,'upload/2018-11/2018-11-4eabeb992b16d81571bfea65bf30cee6.jpg','','html + css  写的小demo',1543027216);

/*Table structure for table `achievement_type_table` */

DROP TABLE IF EXISTS `achievement_type_table`;

CREATE TABLE `achievement_type_table` (
  `achievement_num` int(11) NOT NULL AUTO_INCREMENT COMMENT '成果编号',
  `name` varchar(16) NOT NULL COMMENT '成果名字',
  PRIMARY KEY (`achievement_num`)
) ENGINE=InnoDB AUTO_INCREMENT=7 DEFAULT CHARSET=utf8;

/*Data for the table `achievement_type_table` */

insert  into `achievement_type_table`(`achievement_num`,`name`) values (1,'学术论文'),(2,'科研项目'),(3,'软件成果'),(4,'竞赛获奖'),(5,'教研教改'),(6,'大创项目');

/*Table structure for table `article_table` */

DROP TABLE IF EXISTS `article_table`;

CREATE TABLE `article_table` (
  `id` int(11) NOT NULL AUTO_INCREMENT,
  `student_num` varchar(12) NOT NULL COMMENT '作者学号',
  `title` varchar(32) NOT NULL COMMENT '标题',
  `body` text NOT NULL COMMENT '正文',
  `img` varchar(96) DEFAULT NULL COMMENT '图片(可以为空)',
  `post_time` int(11) NOT NULL COMMENT '发布时间',
  `type_num` int(11) NOT NULL COMMENT '前后端编号',
  `read_num` int(11) NOT NULL DEFAULT '0' COMMENT '阅读量',
  `label_num` int(11) DEFAULT NULL COMMENT '标签名',
  `description` varchar(256) NOT NULL COMMENT '描述',
  PRIMARY KEY (`id`),
  KEY `article_num` (`student_num`),
  KEY `type_num` (`type_num`),
  KEY `label_num` (`label_num`),
  CONSTRAINT `article_num` FOREIGN KEY (`student_num`) REFERENCES `user_table` (`student_num`) ON DELETE CASCADE,
  CONSTRAINT `label_num` FOREIGN KEY (`label_num`) REFERENCES `label_type_table` (`type`) ON DELETE CASCADE,
  CONSTRAINT `type_num` FOREIGN KEY (`type_num`) REFERENCES `article_type_table` (`type_num`) ON DELETE CASCADE
) ENGINE=InnoDB AUTO_INCREMENT=60 DEFAULT CHARSET=utf8;

/*Data for the table `article_table` */

insert  into `article_table`(`id`,`student_num`,`title`,`body`,`img`,`post_time`,`type_num`,`read_num`,`label_num`,`description`) values (3,'015123213773','WEB应用专业社团召开新学期指导例会','为了保证专业团队发展的持续性，从2018年3月开始，WEB应用开发专业团队计划将开展为期12周，共计12次的专业团队活动。团队活动主题主要围绕WEB应用开发知识，包括前端设计基础、编程规范、算法思想、环境搭建、项目部署等。活动形式主要以专题报告会和讨论会的形式开展。\n\n2018年3月31日19:40在砺志楼四楼会议室，开展了由社团指导老师兰全祥主讲的第一次团队主题活动——网页设计基础HTML。全体专业团队成员参加了本次主题活动。在报告会之前，兰全祥老师主要介绍了专业团队的本学期活动安排、创新实验室、团队软硬件条件等，专业团队队长刘星详细地介绍了团队官网，让新加入团队的2017级成员进一步了解WEB应用开发专业的情况。之后，兰全祥老师主要介绍了网页开发三大技术HTML、CSS和JavaScript，提供了HTML学习的途径和方法，强调了学习重点和学习目标。最后，团队2015级、2016级成员发表了各自对于前端学习的经验和体会。\n\n![04d2a406924f4ecbbf48c69a7c029cd8.jpg](upload/2018-4/2018-4-e7c01c2740a08c6c74cb2af1fc9bce36.jpg)\n\n\n\n','upload/2018-4/2018-4-67ab1928e7b764121407261576dc974c.jpg',1524746124,12,175,4,'活动新闻'),(4,'015123213773','WEB应用专业社团启动社团官方网站建设项目','为了迎接本科审核式评估，让WEB应用专业社团更好地进行延续和成果的展示，充分发挥社团成员的创新创造能力，将所学知识运用到实际生活中。WEB应用专业社团在2017年9月10日星期天晚上19:40在分析测试中心创新实验室7A-3对WEB应用专业团队官方网站进行了需求分析和讨论，同时对近期的工作和问题进行了指导。本次会议由WEB应用专业社团指导教师兰全祥老师主持，专业社团组长刘星、后台开发负责人陈波、前端开发负责人吴振东等人参与了讨论。\n\n会前，兰全祥老师就新学期图书馆图书采购事宜进行了说明，鼓励社团成员多看书、多学习。会上，在兰全祥老师的指导下，社团各成员对社团的官方网站的需求进行了分析和讨论，明确了社团网站的各负责同学。\n\n![e1aac2b76e2f4725a04103f508b576e7.jpg](upload/2018-4/2018-4-60df4924d96183a7914c3693ba04e36e.jpg)\n\n','upload/2018-4/2018-4-0590b40bee82889971a0f3149d18c464.jpg',1524747288,12,39,4,'团队新闻'),(5,'015123213773','WEB应用专业团队完成第一批次项目结题报告会','为进一步提高学生创新实践能力，推动专业团队成员实践创新，WEB应用专业团队在2017年9月底根据团队成员各自研究内容进行了立项申请和审批。从2017年11月3日至2017年11月13日，第一批次8个研究项目完成了结题报告。\n\n本次结题报告会主题包括《flex布局》、《设计模式——MVC》、《设计模式——工厂、单例等》、《递归算法的应用》、《数据结构——链表的应用》、《小知了智能机器人开发》、《数组的应用》、《排序算法的研究》等内容。参与结题报告会的人员有WEB应用专业团队全体成员以及2017级部分学生，专业团队指导教师兰全祥主持结题报告会并对报告进行了点评。\n\n通过此次结题报告会，团队成员在软件开发基础知识、程序设计思维、软件质量等方面都有一定的收获和提高。最后，兰全祥老师对本次结题报告会进行了总结，他认为所有成员的结题报告会都存在一定的瑕疵，包括演讲能力欠缺、知识掌握不够透彻、研究深度不够等，但能够顺利完成此次项目结题报告会都是值得肯定的，不过仍然希望团队成员能够主动学习、积极交流，不要始终只做无知的接受者，而要成为学习的参与者。\n![2aa5d12ace1540dc8e395b4d35682271.jpg](upload/2018-4/2018-4-88e60b952bd79c3cd076846f62a329ec.jpg)\n\n','upload/2018-4/2018-4-6dc6a8ef956bab2bb8430b6dac6c0697.jpg',1524747365,12,66,4,'团队新闻'),(6,'015123213773','WEB应用开发专业团队开展团队活动HTML讲解','为了保证专业团队发展的持续性，从2018年3月开始，WEB应用开发专业团队计划将开展为期12周，共计12次的专业团队活动。团队活动主题主要围绕WEB应用开发知识，包括前端设计基础、编程规范、算法思想、环境搭建、项目部署等。活动形式主要以专题报告会和讨论会的形式开展。\n\n2018年3月31日19:40在砺志楼四楼会议室，开展了由社团指导老师兰全祥主讲的第一次团队主题活动——网页设计基础HTML。全体专业团队成员参加了本次主题活动。在报告会之前，兰全祥老师主要介绍了专业团队的本学期活动安排、创新实验室、团队软硬件条件等，专业团队队长刘星详细地介绍了团队官网，让新加入团队的2017级成员进一步了解WEB应用开发专业的情况。之后，兰全祥老师主要介绍了网页开发三大技术HTML、CSS和JavaScript，提供了HTML学习的途径和方法，强调了学习重点和学习目标。最后，团队2015级、2016级成员发表了各自对于前端学习的经验和体会。\n![04d2a406924f4ecbbf48c69a7c029cd8.jpg](upload/2018-4/2018-4-3e4564ab79fe42d54da6db8b2b1c1d3f.jpg)','upload/2018-4/2018-4-4b4c0f742d085d7fab31393c47e8bfa5.jpg',1524748038,12,12,4,'团队新闻'),(7,'015123213773','WEB应用开发专业团队开展团队活动JavaScript讲解','继HTML和CSS讲解之后，WEB应用开发专业团队于2018年4月14日19:40在砺志楼四楼会议室举办了第三次专题报告会，本次报告会主讲网页设计三大技术的最后一个——JavaScript。\n本次报告会由WEB应用专业团队的队长、2015级软件工程刘星主讲。本次报告会主要介绍了前端框架中事件绑定的实现原理，详细展示了事件绑定的整个过程。通过JavaScript事件绑定的讲解和实现，使团队成员进一步了解到了DOM文档树的操作、JavaScript事件监听以及属性处理等技术。\n报告会最后由团队指导教师兰全祥老师进行了简单的总结。本次报告会的内容较难，对于2017级的成员听起来比较吃力，但是知识之间都是互通的，问题的解决思路也是类似的。事件绑定中运用到的模块化思想、递归的算法设计以及数据结构的知识都是大家平时遇见过的、学习过的，我们所欠缺的是知识的灵活掌握以及综合运用。希望大家在平时学习中不要局限于课堂、局限于考试，应该多见、多学、多练，将理论运用到实践中。\n\n![IMG_20180414_194824.jpg](upload/2018-4/2018-4-a8068c91be4af2bcb5be3bdeee33a9a1.jpg)','upload/2018-4/2018-4-289649768207c73b7afe6820949c577f.jpg',1524758162,12,10,4,'动态新闻'),(8,'015123213773','WEB应用开发专业团队开展团队活动CSS讲解','继HTML讲解之后，WEB应用开发专业团队于2018年4月7日19:40在砺志楼四楼会议室开展了网页设计基础知识CSS的讲解。\n本次团队活动由指导老师兰全祥主持，2016级软件工程丁乙诗主讲。报告会首先介绍了CSS常用选择器以及CSS编写语法。在讲述的过程中丁乙诗列举了一些常用的CSS样式，并且讲述了如何仿制超链接，如何装饰百度首页。最后报告会简单介绍并举例如何编写一个连续的CSS3动画。\n本次报告会是高年级带低年级团队成员一起学习的一个重要起点。报告会不仅可以保障团队的持续性和凝聚力，还能锻炼高年级团队成员“做”、“说”相结合的能力。兰全祥老师总结到：我们应该注重全面发展，提升自身综合素质。不仅要会做，还要会讲。做到学得明白，做得正确，讲得出口，说得清楚。\n\n![20180502002934.png](upload/2018-5/2018-5-33a41b16e746c7beb0778e1d5981a99b.png)\n\n\n','upload/2018-4/2018-4-5aeb8a78502009fb4e2258e852e3a03e.jpg',1524758685,12,102,4,'社团动态'),(10,'201610804118','Web应用专业团队活动——技术路线讲解及成员分组','WEB应用开发专业团队于2018年5月1日19:40在二教101开展了技术路线讲解的团队活动，并对团队所有成员进行了简单分组。本次团队活动由指导老师兰全祥主持，2015级网络工程陈波、2015级软件工程刘星和2015级网络工程罗俊主讲。兰全祥老师首先按照人才培养方案讲解了知识模块和学习路线，让所有团队成员对大学三年所学知识有大概的了解。然后，陈波讲解了后台有关的知识，其中介绍了集合、线程、接口、继承、数据库等基础知识，并拓展了NIO、Netty、Java Mail、Junit、Spring、Struts2、Hibernate、MyBaties等框架和技术。接着，刘星向大家讲解了前端相关知识，其中包括HTML、CSS、JavaScript、Ajax、jQuery等基础部分以及vue、react、angulax等框架技术，并向团队成员推荐了一些学习视频和大神博客。之后，罗俊对刘星讲解的内容进行了补充，并推荐了一些程序员必备的使用App和工具。最后兰全祥老师对本次讲解做了总结，希望大家在专业方向上的学习要多主动一些，明确自己的学习目标。\n\n本次团队活动最后对所有团队成员进行了分组，由2016级成员担任组长、2017级成员作为组员，高年级带领着大家共同学习。通过分组学习有利于团队成员的共同进步，尽可能地制定有针对性的带领学习和引导，保证专业团队发展的持续性。\n\n![7d7172d2b5c049138e0c95cbe7cdfa96.png](upload/2018-5/2018-5-dd0adf588a2f49f8d349c6952fddef66.png)','upload/2018-5/2018-5-50227c8cc797a3fb023b28895af89c2e.jpg',1525255612,12,65,4,'Web应用专业团队活动'),(11,'015123213773','数组的创建及常用方法','创建 Array 对象的语法：\n```\n\nvar array = [];\n\nvar array = new Array();\n\nvar array = new Array(size);\n\nvar array = [element0, element1, ..., elementn];\n\nvar array = new Array(element0, element1, ..., elementn);\n\n```\n\n\n**concat()**\n\n连接两个或更多的数组，并返回结果。\n\n**join()**\n\n把数组的所有元素放入一个字符串。元素通过指定的分隔符进行分隔。\n\n**pop()**\n\n删除并返回数组的最后一个元素\n\n**push()**\n\n向数组的末尾添加一个或更多元素，并返回新的长度。\n\n**reverse()**\n\n颠倒数组中元素的顺序。\n\n**shift()**\n\n删除并返回数组的第一个元素\n\n**slice()**\n\n从某个已有的数组返回选定的元素\n\n**sort()**\n\n对数组的元素进行排序\n\n**splice()**\n\n删除元素，并向数组添加新元素。\n\n**toString()**\n\n把数组转换为字符串，并返回结果。\n\n**toLocaleString()**\n\n把数组转换为本地数组，并返回结果。\n\n**unshift()**\n\n向数组的开头添加一个或更多元素，并返回新的长度。\n\n**valueOf()**\n\n返回数组对象的原始值\n','',1525271688,10,60,2,'数组的创建及常用方法'),(13,'015123213773','response.setHeader常见用法详解','**刷新页面**\n```\nresponse.setHeader(\"refresh\",\"1\");\n```\n\n\n**跳到其他页面**\n ```\nresponse.setHeader(\"refresh\",\"2;URL=otherPagename\");\n```\n\n**禁止缓存**\n\n```\nresponse.setHeader(\"Pragma\", \"No-cache\");\n\nresponse.setHeader(\"Cache-Control\", \"no-cache\");\n```\n\n***设置过期的时间期限***\n```\nresponse.setDateHeader(\"Expires\", 0);\n```\n***访问别的页面***\n```\nresponse.setHeader(\"location\",\"url\");\n```\n***设置服务器状态码***\n```\nresponse.setStatus（302）; \n```','',1525323868,11,36,3,'response.setHeader常见用法详解'),(14,'201610804025','WEB应用专业团队创新实验室成员工作总结','WEB应用专业团队于2018年6月9日19:00在励志楼会议室开展了创新实验室成员工作总结。由团队指导老师兰全祥主持，2015级、2016级团队成员对这学期成果作总结报告。\n\n首先团队队长刘星完成了团队官网的设计与开发，并参加了阿里的面试，他建议大家要有一个成熟的项目，要有扎实的基础，这些在工作面试中非常重要。然后2015级网络工程陈波主要学习了大数据技术、参加了学科专业竞赛，他建议多注重Java底层实现的学习。之后2015级和2016 级其他创新实验室成员对本学期学习成果进行总结，提出了自身不足及改进方向。\n\n最后，兰全祥老师对本次报告会进行了总结，对每一位团队成员的本期表现进行分析，对做的不好的地方提出建议，对部分团队成员技术发展方向做出评价，肯定团队成员做出的成绩，也对后续的学习寄予深厚的希望！通过此次总结会，团队创新实验室全体成员进一步了解到了自身的不足，确定了之后的学习方向和目标。\n![27E06C09041AF855FFBEE80FE2D0EFA9.jpg](upload/2018-6/2018-6-8a1106550d0eb6d956e7ef10c346ab72.jpg)','upload/2018-6/2018-6-d0a003be9f9a72d60bd0ab2d581c376f.jpg',1528773627,12,12,4,'本学期工作总结'),(15,'201610804025','WEB应用专业团队期末活动暨工作总结报告会','WEB应用开发专业团队于2018年6月10日19:40在砺志楼四楼会议室开展了主题为“编程规范及论文写作”的团队活动。本次团队活动由指导老师兰全祥主持，2016级软件工程任云宏、姚添译主讲。\n\n首先由任云宏介绍编程规范，讲解了《阿里巴巴Java编程规范》中关于包名、类名、文件名、变量名、方法名以及常量名等命名规则，强调了阿里在对Java编程上的各种编写规范要求。最后介绍了华为在C语言编程规范上的要求，讲解了现今常用的变量命名风格，如unix like、Windows风格。姚添译讲解了论文写作，首先介绍了写作论文的几个步骤，然后介绍了中国知网并推荐了画图工具及网站，详细地讲解了中图分类号和如何引用论文。\n\n活动最后，由兰全祥老师对团队本期所有活动做归纳总结，总体而言本学期团队活动多样，成果丰富！对团队成员的发展提出方向上的指导和建议，对任云宏、姚添译所作报告做出评价。最后希望团队成员在今后的学习中再接再厉，加强交流和沟通，争取取得更好的成绩。\n![7F54A006CB142ECC6EE5BBC3408D67E6.jpg](upload/2018-6/2018-6-19a12015c79170fb34ccd20502141ab0.jpg)','upload/2018-6/2018-6-e316b0f3fd0b668852926036ac038bb5.jpg',1528939261,12,28,4,'编程规范，论文写作，指导老师学期总结'),(17,'201610804024','从Maven安装配置到使用IDEA创建Maven WEB项目','一、Maven的安装\n\n从官网下载Maven \n传送门https://maven.apache.org/download.cgi\n\n将下载的Maven解压到只要你开心的位置，都是可以的（要记住这个位置，后面有用）\n\n配置Maven环境变量 \n\n1、打开控制面板->系统和安全->系统 ，点击左侧的高级系统设置（或者右键此电脑，打开属性） \n\n2、点击环境变量，在系统变量中创建变量名为MAVEN_HOME，值为你下载解压的Maven位置 \n\n3、在Path中添加至为你解压的Maven的bin文件的位置，win10 1709版本后的不能使用MAVEN_HOME代替，需写绝对位置，点击确定，直到退出 \n\n4、测试环境是否搭建成功：win + R 打开运行框，输入cmd，运行，然后输入mvn -v(注意中间的空格不能少)，如果出现如图所示，便是成功！详情见连接\n\nhttps://blog.csdn.net/Impassive_y/article/details/82156119','upload/2018-8/2018-8-779f1806abf1e0b0a03a5504ad4fcbc3.jpg',1535709603,11,40,7,'从Maven的安装配置到使用IDEA创建Maven项目'),(18,'201610804025','web应用团队于新学期召开第一次开学见面会','2018年8月31日，web应用团队于分析测试楼的创新实验室召开了2018-2019学年秋季的开学见面会。会议议程包括了指导老师兰全祥对团队项目的指导，团队成员之间的技术交流分享，团队任务的安排以及安排创新实验室座位时需要的注意事项。\n\n![web.jpg](upload/2018-9/2018-9-a8a9caeb22c4bdc16447488803fa3a22.jpg)','upload/2018-9/2018-9-78f1402306f514e32540b450e069e1b4.jpg',1536064996,12,11,4,'2018年开学之期，web应用团队在分心测试楼实验室召开了新学期第一次见面会，会议的主要目的是为了团队以后有更好发展以及团队能创造出更好的项目，也是为了让成员之间能在技术学习方面有更好的交流。'),(20,'201610804025','web应用团队学习总结及规划','2018年9月7日，数学与计算机学院web应用团队于分测实验楼的创新实验室召开了“创新团队学习总结及规则”的会议。 会议伊始，应用团队的新老成员做了自我介绍，接着兰老师讲述了团队简介及未来的发展路线，最后老成员讲述了前端和后台的技术路线。\n\n\n\n![正文1.gif](upload/2018-9/2018-9-d021e5d2baa824a7006a380e079c927f.gif)','upload/2018-9/2018-9-8096925897a28824b508bcc8fd7c0287.jpg',1536376649,12,53,4,'会议主要议程有：新成员的自我介绍和团队的简介，团队指导老师兰全祥和学长们对新成员讲解今后学习的技术路线。'),(21,'201710804019','WEB应用开发专业团队开展团队活动MVC讲解','2018年9月16日，数学与计算机学院web应用团队于励志楼四楼会议室召开了关于“设计模型--MVC”的讲解会议。主讲人是2016级计算机科学与技术的雷红，主讲内容是MVC结构模型、SQL注入、防暴力破解以及防网络监听的方法。\n\n\n![QQ图片20180918080801.jpg](upload/2018-9/2018-9-5ac945b506a423ff9ed24fc52612cb0d.jpg)','upload/2018-9/2018-9-87984b856fa40c2fa83814c2d4e323ae.jpg',1537191548,12,47,4,'兰全祥'),(22,'201710804049','web应用团队阶段性学习总结以及近期规划','2018年9月17日，数学与计算机学院web应用团队在分测实验楼创新实验室召开了“阶段性学习总结以及近期规划”的会议。兰老师询问每个成员最近学习成果，提出相应的知识点进行考察。随后为新成员制定有针对性的学习规划路线\n\n![会议2.jpg](upload/2018-9/2018-9-7d0f47b9b8e404536632e732cf43d703.jpg)','upload/2018-9/2018-9-69d3b855a69d26ee6ca3965047612de4.jpg',1537193070,12,15,4,'web团队阶段性学习总结以近期规划'),(23,'201610804024','新闻编辑-编辑器的使用学习心得','在第二周，首先完成了网页引入UEiditor插件，帮助完成新闻内容的插入\n![捕获.PNG](upload/2018-9/2018-9-f91a931656367613506a9710d46e1430.PNG)\n完成的新闻的插入功能\n第三周主要完成新闻的查询，新闻主要信息的显示\n![捕获.PNG](upload/2018-9/2018-9-3666af29c36e6d2a031b09d91fc0a0e0.PNG)\n','upload/2018-9/2018-9-9ab06f9c50ff9c5f2f5a4787ca10d5ab.jpg',1537617564,11,36,7,'杨廷发第二周到第三周的学习笔记，主要完成了添加新闻、首页新闻查询'),(24,'201710804099','刘杰第二周到第三周学习心得','1. 学习完毕教程java 2中的jdbc连接\n\n![image.png](upload/2018-9/2018-9-ce9777c1f2a2bec43810fc5abd5246c6.png) \n2. 学习Arrays中常用方法\n3. 重新回顾快速、归并等一些算法\n\n![image.png](upload/2018-9/2018-9-3f99485085cd327e57f01239517e73c3.png)\n\n![image.png](upload/2018-9/2018-9-441578c30b7f769d7d47e8a76c9e3dda.png)\n4. 准备三级考试','',1537620109,11,13,7,'学习概况'),(25,'201710804105','web应用开发团队开展团队活动SSH框架整合讲解','2018年9月21日晚8:00，数学与计算学院web应用开发团队于励志楼四楼会议室开展了“SSH框架整合”的讲解会议，主持人是2016级软件工程姚添译，首先回顾了上周雷虹所讲的“设计模式-MVC”，然后讲解了三大框架struct2、spring、hibernate。\n\n![TIM图片20180922211412.jpg](upload/2018-9/2018-9-0e7f0bb3fe01f6d9b5056505c4ffb9e1.jpg)','',1537624136,12,10,4,'活动新闻'),(26,'201610804032','NodeJs的学习','NodeJs 的学习过程中，首页一定需要掌握基础的Js，对于 Ajax 的异步请求和同步请求有一定的了解。在开始学习　Node 时候一定不要直接学习他的框架　Express 。应该使用原声的 Js 集合 Node 自身的 Module 模块。实现一个简单的 CRUD（增删查改） 留言板。然后就可以开始了解 Express 框架的使用，这时候你就会明白他的 API 是如何实现这些功能的。同时你自己需要掌握一门模板渲染的技术，这里推荐 art-template ,他与 NodeJs 结合比较方便。然后可以开始学习一门数据库，MySQL 或者 Mongodb 都可以。因为两者在 NodeJs 中使用的非常简单，没有什么复杂的操作。检验对于 NodeJs 的学习，最终能够结合所有的技术实现一个个人博客的设计。那么 NodeJs 的基础学习就算完成了。如何想要深入学习，可以去看下《深入浅出NodeJs》 朴灵著作，里面没有实战项目，但是对于API的使用以及他的设计思想和实现的原理，都有很深入的讲解。同时你也可以去学习 Koa2 他是基于 NodeJs 平台的前端框架。如果有兴趣可以去了解下。','upload/2018-9/2018-9-5057c2fa43dfc27bca27478339974f74.jpg',1537665210,10,25,7,'关于Node的学习流程'),(27,'201710804049','2~3周学习计划总结','  这周完成的计划有:1.写一个简单的关于分数统计并自动给出排名的小程序 2.了解集合类的含义以及使用 3.初步实现简单界面编程。\n  ***关于分数统计给出一下代码：***\n   import java.util.*;\npublic class calendar{\n  public static void main(String[] args){\n      Scanner in=new Scanner(System.in);\n         System.out.println(\"请输入学生人数:\");\n          int num=in.nextInt();\n         System.out.println(\"请输入科目数:\");\n          int course=in.nextInt();\n            String[] name=new String[num];\n                 int[]sum=new int[num];\n			String[] str=new String[num];\n                  double[] average=new double[num];\n                   \n          String[] cours=new String[course]; \n             int[][] liebiao=new int[num][course];\n             for(int i=0;i<cours.length;i++){\n                    System.out.println(\"请输入第\"+(i+1)+\"门科目名:\");\n                       cours[i]=in.next();\n						}\n                  \n                   for(int i=0;i<num;i++){\n                       int s=0;\n                              String str11=\"\";//将分数连成字符串\n		    System.out.println(\"请输入第\"+(i+1)+\"学生姓名:\");\n                            name[i]=in.next();\n                         for(int j=0;j<course;j++){\n\n                            System.out.println(\"请输入学生\"+name[i]+\"的\"+cours[j]+\"成绩\");\n                                   liebiao[i][j]=in.nextInt();\n                                         s+=liebiao[i][j];\n                                            str11+=liebiao[i][j]+\"\\t\";               \n								 }\n                                         sum[i]=s;\n                                                average[i]=s/course;\n							str[i]=name[i]+\"\\t\"+str11+sum[i]+\"\\t\"+average[i];\n                                                      			   }\n                                            \n\n//判断                    \n                           for(int i=0;i<num-1;i++){\n                               for(int j=i+1;j<num;j++){\n                                        if(sum[i]<sum[j]){\n                                            int t1=sum[j];String t=str[j];\n                                                sum[j]=sum[i]; str[j]=str[i];\n                                                     sum[i]=t1;str[i]=t;\n}\n}\n}\n                                    \n                           System.out.print(\"学生\");\n                               for(int i=0;i<course;i++)\n                                   System.out.print(\"\\t\"+cours[i]);\n                               System.out.print(\"\\t总分\\t平均分\\t排行榜\");System.out.println();\n                               for(int i=0;i<sum.length;i++){\n                                   System.out.print(str[i]);\n                                   System.out.println(\"\\t\"+(i+1));\n}\n  }\n    }\n   集合类是一些特殊的类，专门用来存放其他类对象的“容器”，主要是完成一些数据库和数据结构的功能。集合类主要了解List集合类和Map结构集合类。\nList结构集合类：Arraylist  LinkedList  Vector  Stack\nMap结构集合类：HashMAP  HashTable\n  **详细请看一下代码了解**\nimport java.util.ArrayList;\nimport java.util.Iterator;\nimport java.util.*;\nclass Student{\n       Student(String name,double score,char sex){\n           this.name=name;\n           this.score=score;\n           this.sex=sex;					\n\n			}\n      public String name;\n	public double score;\n	 public char sex;\n	   public String getName(){\n                return name;\n              }\n              public double getScore(){\n                  return score; \n                      }\n               public char getSex(){\n                   return sex;\n                     }    \n}\npublic class Class1{\n      public static void main(String args[]){\n		System.out.println(\"NICE\");\n          ArrayList<Student> a=new ArrayList<Student>();//泛型可以用<T>代表，\n           	System.out.println(\"当集合类ArrayList a没有装其他类时的大小为:\"+a.size());\n               Student s1 = new Student(\"张\",25,\'男\');\n               Student s2 = new Student(\"王\",20,\'女\');\n               Student s3 = new Student(\"李\",21,\'女\');\n               a.add(s1);\n                a.add(s2);//ArrayList 中的一个方法，添加到a容器中去\n                 a.add(s3);\n                System.out.println(\"当集合类ArrayList装了三个其他类时的大小为:\"+a.size());\n                 for(int i=0;i<a.size();i++){\n                      Student st = (Student)a.get(i);\n                        System.out.println(\"第\"+(i+1)+\"个学生的名字:\"+st.getName()+\"分数+为:\"+st.getScore());			\n			}\n                      System.out.println(\"删除第二个学生的信息\");\n                       a.remove(1);  //删除的功能\n                    for(int i=0;i<a.size();i++){\n                               Student st = (Student)a.get(i);\n                       System.out.println(\"第\"+(i+1)+\"个学生的名字为:\"+st.getName());\n                                  }  \n                 System.out.println(\"将第三个学生放在第一学生的位置:\");\n                     a.add(0,s3);//将第三个学生插在第一个学生的位置\n                         for(int i=0;i<a.size();i++){\n                           Student st= (Student)a.get(i);//转化为Student类型\n                    System.out.println(\"第\"+(i+1)+\"个学生的名字为:\"+st.getName());\n			//System.out.println (((Student)a.get(i)).getName());\n                           }\n                                      \n   }      \n}\nArrayList和LinkedList以及Vector、Stack的用法都差不多，基本相似。它们与ArrayList等最大区别在于当输入的信息重复了，HashMap会自动删除重复的（最先输入的），而ArrayList并不会这样做。  \n  **HashMap还有特殊的键值，用来确定唯一**\n因为存在键值，但是键值是字符串类型的，所以要输出信息时，for循环就不能起到作用。此时用到了Iterator迭代器输出信息。          \n   **详细请看一下代码了解**\n   import java.util.Map;\nimport java.util.Set;\nclass Sp{\n   String number;\n    String name;\n     double price;\n    String getNumber(){\n     return number;\n     }\n    String getName(){\n       return name;\n      }\n     double getPrice(){\n        return price;\n            }\n   Sp(String number,String name,double price){\n        \nthis.number=number;\nthis.name=name;\nthis.price=price;\n     }\n     }\npublic class Hash{\n    public static void main(String args[]){\n       HashMap<String,Sp> ee=new HashMap<String,Sp>();\n         Sp sp=new Sp(\"001\",\"香肠\",5);\n         Sp  sp1=new Sp(\"002\",\"牛奶\",6);\n           ee.put(\"001\",sp);\n            ee.put(\"002\",sp1);\n               Iterator it=ee.keySet().iterator();//keyset()是获取所有的key值，iterator()是迭代                                        //遍历，keySet().iterator()返回一个hm.keySet ()的迭代。\n                     while(it.hasNext()){//hasNext()查找it中是否还有其他元素，有就返回true\n                         \nString key=it.next().toString();\n                               System.out.println(\"食品名称为:\"+((Sp)ee.get(key)).getName());\n                           System.out.println(\"食品价格为:\"+((Sp)ee.get(key)).getPrice()+\"元\");\n                  }\n                                  //以下语句是在询问是否存在002这个键值，如果存在，就将拥有002的				    //商品输出\n                     if(ee.containsKey(\"002\")){\n                            System.out.println(\"食品名称:\"+((Sp)ee.get(\"002\")).getName());\n					}\n						\n}\n }\n       	          集合类的比较\n1.键值：唯一表示事物的值称为键值。为了标识事物而单独添加的属性。\n2.当使用HashMap是如果键值重复了，会自动删除之前的键值的内容。\n3.List没有键值，Map有键值。\n4.ArrayList和HashMap都是线程异步的，所以它们的特点是效率高但是安全性低。\n5.Vector和Hashtable都是线程同步的，所有它们的特点是效率低但是安全性高。\n6.网络中异步是不允许出现的，cs开枪为例，不同步游戏无法继续。\n7.单机操作不与网路连接的可以选择用ArrayList和HashMap集合。网络用Vector和HashMap，安全为主。\n\n\n\n**界面编程：主要分为边界布局，流式布局，网格布局。**\n相对应的函数是BorderLayout、FlowLayout、GridLayout\n              **   图形化用户界面\n             图形化用户界面———GUI**；\n   一、布局\n                1.组件\n          以图形化的方式显示在屏幕上的，和用户进行交互的对象，就叫做组件。\n               组件包括：菜单、标签、文本框（密码框）、滚动条、单选、复选、按钮等等。\n               2.容器\n          组件不能独立的显示出来，只能将组件放在容器里，才能正常的显示。\n              将组件合理有序的排列和分布在容器中，（括组件的位置和大小）称为布局(Layout)。                      \n二、布局管理器\n                   每个容器都有自己的布局管理器，当某个容器内的组件需要改变属性时，Awt中常见的布局管理器有BorderLAyout（边界布局管理器） FlowLayout（流式布局管理器）  GridLayout（网络布局管理器）\n                 \n                 \n JFrame容器\n            界面操作时需要引用import java.awt.*;import javax,swing.*;\n             set方法中的数字是像素，并不是大小单位。\n               有些时候关闭了窗口但是操作仍然在运行，占着运行内存，此时就需要用到setDefaultCloseOperatin(JFrame.EXIT_NO_CLOSE)这个方法。\n               \n  \n  边界布局管理器\n                边界布局都不可少的import java.awt.*;import javax.swing.*;\n                 边界总结：1.继承JFrame类 2.最上面定义组件 3.在构造方法中创建组件 4.在构造方法中添加组件 5.设置窗体属性 6.显示窗体  7.用的关键字是BorderLayout.方向\n                 如果在添加按钮是不是五个都添加（东南西北中），则中部会自动默认扩张添加。但是如果中部没有添加。东南西北并不会向中部扩张。\n                 \n                 \n流式布局管理器\n          关键字是FlowLayout 因为java默认的是边界布局管理器，所以通常都会重定义一个流式布局 即setLayout(new FlowLayout());这个是默认中间对齐，也可以在FlowLayout()中加FlowLayout.方向来指明如何对齐\n              \n网格布局管理器\n         关键字GridLayout,java默认是BorderLayout布局，边界布局，所以要将布局定义为this.setLayout(new GridLayout（int,int）指的是布局为几行几列  如果不想让窗口放大。可以用setResizable(false)//意思是不然窗口可以放大化，如果要让窗口放大，将false改成true     \n         想让网格之间有距离，在setLayout(new setLayout(int,int,int,int))后两位是行列之间的像素距离\n         \n Jpanel (面板)\n          意思是在窗口的里面再加上窗口，与其他不同的是Jpanel默认的是流式布局，添加组件是先将panel上的组件添加完毕，再添加JFrame的组件。\n        **详细请看一下代码了解**\n mport java.util.*;\nimport java.awt.*;\nimport javax.swing.*;\npublic class Check{\n	public static void main(String args[]){\n               Check a=new Check();\n                   a.show();\n}\n                public void show(){\n                  JFrame a=new JFrame();\n                   JPanel m1=new JPanel();//设置Panel放入按钮\n                     JPanel m2=new JPanel();\n                      JPanel m3=new JPanel();\n                     JButton b1=new JButton(\"注册\");//创建按钮\n                       JButton b2=new JButton(\"登录\");\n                      JLabel user=new JLabel(\"特长\");//创建标签\n                       JLabel key=new JLabel(\"性别\");\n                         JCheckBox fx1=new JCheckBox(\"音乐\");//创建多选按钮\n                           JCheckBox fx2=new JCheckBox(\"跳舞\");\n                          JCheckBox fx3=new JCheckBox(\"打球\");\n                         JCheckBox fx4=new JCheckBox(\"唱歌\");\n                        ButtonGroup d=new ButtonGroup();//创建按钮组\n                        JRadioButton dx1=new  JRadioButton(\"男\");//JRadioButton单选\n                       JRadioButton dx2=new  JRadioButton(\"女\");\n                        d.add(dx1);d.add(dx2);//将按钮放入按钮组中，选择其一\n                        a.setLayout(new GridLayout(3,1));\n                      m1.add(user);m1.add(fx1);m1.add(fx2);m1.add(fx3);m1.add(fx4);a.add(m1)                         m2.add(key);m2.add(dx1);m2.add(dx2);a.add(m2);\n                      m3.add(b1);m3.add(b2);a.add(m3);\n				a.setResizable(true);\n                              a.setTitle(\"用户界面\");\n                       a.setTitle(\"综合布局\");\n                    a.setSize(400,300);a.setLocation(400,200);\n                     a.setDefaultCloseOperation(JFrame.EXIT_ON_CLOSE);\n                      a.setVisible(true); \n}\n}\n          																       	\n','',1537687929,12,10,7,'2~3周学习计划总结'),(28,'201710804052','java中List接口的特点及实现类，类与对象知识点','一.\nList的主特点有:可重复而有序序列,List接口可让程序员对列表中的每个元素的插入位置进行精确的控制,可根据index(索引)来访问,搜索元素.\nList的功能:\n1)添加功能:\nadd(index,element); //将element元素插入到index位置.\n\naddAll(Collection c); //将集合c中的元素全部添加到list序列末尾.\n\n2)获取功能及查询功能:\nget(index); //获取index位置的元素.\n\n\ncontains(element); //如果list中有element元素则返回true,反之.\n\nindexOf(element); //返回element第一次出现的位置.\n\nlastIndexOf(element); //如果list中有element元素,则返回其最后一次出现的位置\n\nisEmpty(); //判断链表是否为空\n\n3)删除功能:\nremove(index); //删除index处的元素.\n\nclear(); //清空序列\n\nremove(Collection c); //将集合list中含有集合c的所有元素删除.\n4)修改功能:\nset(index,element); //将index处的元素置为element.\n5)遍历方法\n用for循环结合get(index)获取元素.\n用subList(startindex,endindex); //得到从startindex到endindex的元素.\n\n实现List接口的类\n1)LinkedList\n是一个双列表,在添加和删除元素时具有ArrayList更好的性能,但在get与set方面弱于ArrayList.LinkedList不能随机访问,它在列表中索引的操作将从开头或者结尾遍历列表.\n2)ArrayList\n是一个动态数组,其容器的大小会随加入或删除元素的时增大或者是变小,到容量快溢出的时候,会进行扩容操作,为了提高效率最好确定容量的值.\n3)Vector\n向量类以实现累死动态数组的功能.对于预先不知或者不愿预先定义数组大小，并且需要频繁地进行查找，插入，删除工作的情况。可以考虑使用向量类。\n4)Stack\nStack继承Vector,实现一个后进先出,先进后出的堆栈.Stack刚刚创建后是空栈.Stack只提供五个方法使得Vector得以被当做堆栈使用\n测试栈是否为空： isEmpty();\n查看栈顶部对象，但不从栈中移除： peek();\n移除栈顶部的对象，并作为此函数的值返回该对象：pop();\n把项压入栈顶部 push(E item);\n返回对象在栈中的位置 search(Object o);\n\n为了记牢某些功能写的代码有:\npackage ListInterfaceStudy;\n\nimport java.util.ArrayList;\nimport java.util.Collection;\nimport java.util.LinkedList;\n\npublic class LinkedListStudy {\n\n	public static void main(String[] args) {\n		int size = 0;\n		LinkedList linkedlist = new LinkedList();\n		for(int i = 0; i < 5; i++) {\n			linkedlist.add(i + 1);\n			System.out.print(linkedlist.get(i) + \" \");\n		}\n		System.out.println();\n		System.out.print(\"linkedlist:\" + linkedlist);//可以直接输出linkedlist的元素\n		System.out.println(\"\\nlast element:\" + linkedlist.getLast());\n		                                   //用LinkedList.getLast()得到其最后一个元素\n		System.out.println();\n		System.out.println(\"linkedlist 的大小为:\" +linkedlist.size());\n		size = linkedlist.size();\n		System.out.println(\"所以说linkedlist的最大索引为:\" + (size - 1));\n		linkedlist.set(0, 11);\n		System.out.println(\"经过linkedlist.set(0,11)后\");\n		System.out.print(\"索引为0得元素为:\");\n		System.out.println(linkedlist.get(0));\n		linkedlist.remove(4);//linkedlist 的最大索引为4,在执行remove(4)后,即表明linkedlist的最大索引为3\n                             //所以在linkedlist.get(4)会发生错误,即下一行注释的语句的会发生错误\n		//System.out.println(\"remove(4)后:\" + linkedlist.get(4));\n		size = linkedlist.size();\n		System.out.println(\"经过linkedlist.remove(4)后,最大索引为:\" + (size -1) );\n		linkedlist.add(4, 888);\n		System.out.println(\"在索引为4的位置添加 8的值后,linkedlist的值为:\");\n		System.out.println(linkedlist.subList(0, linkedlist.size()));\n		System.out.println(\"\\n\\n\");\n		System.out.println(\"toArray()d的功能:\" + linkedlist.toArray());//toArray()的功能还不太理解\n		System.out.println(\"经过removeLastOcurrce(4)后\");\n		//System.out.println(\"且经过removeLast(0)后,linkedlist中的元素有:\" + linkedlist.removeLast(0));\n		\n		System.out.println(linkedlist.removeLastOccurrence(4));\n		                                            //removeLastOccurrence(n)的作用是,判断是否能将元素4闪出去\n                                                    //若能删除,则返回true,反之返回false\n		System.out.println(linkedlist.subList(0, linkedlist.size()));\n		\n		\n		Collection collection = new ArrayList();//用ArrayList来分配内存空间\n		\n		collection.add(\"Myname\");\n		collection.add(\"YourInterested\");\n		System.out.println(collection);\n		Collection collection2 = new ArrayList();\n		collection2.add(\"these are different!\");\n		collection.addAll(collection2);\n		System.out.println(collection2);\n		System.out.println(collection);\n	}\n}\n二.\n类与对象\n1)在类定义对象时要为对象分配内存空间.\n2)成员变量是定义在类内方法外的变量.\n局部变量只能在对应的作用域内起作用.\n成员变量有默认值,而局部变量没有默认值,在使用的时候需要赋值后在使用\n3)用是static修饰的为类方法或者类变量,没有用static修饰的为实例方法或者实例变量\n4)方法的重载只看方法名和参数列表,不要看返回值类型.\n5)实例方法不能通过类名来调用,当this关键字穿现在实例方法中时就代表正在调用该方法的当前对象\n\n','upload/2018-9/2018-9-28078c31f445b35367696807c1cc00a9.jpg',1537689179,12,12,7,'2,3周的主要计划为学习java中类与对象,以及java中接口List的特点及实现类.'),(29,'201710804035','Java基础学习之多态与内部类','\n# 第二、三周总结 #\n::: hljs-left\n# \n1、final关键字  #\n(1)是最终的意思，可以修饰类，方法，变量。\n(2)特点：\n    A:它修饰的类，不能被继承。\n    B:它修饰的方法，不能被重写。\n    C:它修饰的变量，是一个常量\n\n:::\n\n::: hljs-left\n\n\n**2、多态**\n(1)同一个对象在不同时刻体现出来的不同状态。\n(2)多态的前提：\n    A:有继承或者实现关系。\n    B:有方法重写。\n    C:有父类或者父接口引用指向子类对象。\n(3)多态的分类：\n\n:::\n\n```language\n    a:具体类多态\nclass Fu {}\n	class Zi extends Fu {}			\n         Fu f = new Zi();\n```\n```language\n    b:抽象类多态\n	abstract class Fu {}\n	class Zi extends Fu {}\n	Fu f = new Zi();\n```\n```language\n     c:接口多态\n	interface Fu {}\n	class Zi implements Fu {}			\n	Fu f = new Zi();\n```\n::: hljs-left\n\n(4)多态中的成员访问特点\nA:成员变量\n   编译看左边，运行看左边\nB:构造方法\n   子类的构造都会默认访问父类构造\nC:成员方法\n    编译看左边，运行看右边\nD:静态方法\n    编译看左边，运行看左边\n(5)多态的好处：\n    A:提高代码的维护性(继承体现)\n    B:提高代码的扩展性(多态体现)\n(6)多态的弊端：\n    父不能使用子的特有功能。\n        现象：\n        子可以当作父使用，父不能当作子使用。\n(7)多态中的转型\n    A:向上转型\n      从子到父\n    B:向下转型\n      从父到子\n(8)孔子装爹的案例帮助大家理解多态\n\n:::\n\n\n::: hljs-left\n\n**3、抽象类**\n    (1)抽象类的特点\n	A:抽象类和抽象方法必须用关键字abstract修饰\n	B:抽象类中不一定有抽象方法,但是有抽象方法的类一定是抽象类\n	C:抽象类不能实例化\n	D:抽象类的子类\n		a:是一个抽象类。\n		b:是一个具体类。这个类必须重写抽象类中的所有抽象方法。\n    (2)抽象类的成员特点：\n	A:成员变量\n		有变量，有常量\n	B:构造方法\n		有构造方法\n	C:成员方法\n		有抽象，有非抽象\n    (3)抽象类的几个小问题\n	A:抽象类有构造方法，不能实例化，那么构造方法有什么用?\n		用于子类访问父类数据的初始化\n	B:一个类如果没有抽象方法,却定义为了抽象类，有什么用?\n		为了不让创建对象\n	C:abstract不能和哪些关键字共存\n		a:final	冲突\n		b:private 冲突\n		c:static 无意义\n\n:::\n\n\n::: hljs-left\n\n**4:接口**\n    (1)接口的特点：\n	A:接口用关键字interface修饰\n		interface 接口名 {}\n	B:类实现接口用implements修饰\n		class 类名 implements 接口名 {}\n	C:接口不能实例化\n	D:接口的实现类\n		a:是一个抽象类。\n		b:是一个具体类，这个类必须重写接口中的所有抽象方法。\n    (2)接口的成员特点：\n	A:成员变量\n		只能是常量\n		默认修饰符：public static final\n	B:构造方法\n		没有构造方法\n	C:成员方法\n		只能是抽象的\n		默认修饰符：public abstract\n    (3)类与类,类与接口,接口与接口\n	A:类与类\n		继承关系，只能单继承，可以多层继承\n	B:类与接口\n		实现关系，可以单实现，也可以多实现。\n		还可以在继承一个类的同时，实现多个接口\n	C:接口与接口\n		继承关系，可以单继承，也可以多继承\n\n:::\n\n5:内部类\n    (1)把类定义在另一个类的内部，该类就被称为内部类。\n	举例：把类B定义在类A中，类B就被称为内部类。\n    (2)内部类的访问规则\n	A:可以直接访问外部类的成员，包括私有\n	B:外部类要想访问内部类成员，必须创建对象\n    (3)内部类的分类\n	A:成员内部类\n	B:局部内部类\n    (4)成员内部类\n	A:private 为了数据的安全性\n	B:static 为了访问的方便性	\n	成员内部类不是静态的：\n		外部类名.内部类名 对象名 = new 外部类名.new 内部类名();\n	成员内部类是静态的：\n		外部类名.内部类名 对象名 = new 外部类名.内部类名();\n       (5)成员内部类的举例\n   ```language\n  class Outer {\n		public int num = 10;\n		class Inner {\n			public int num = 20;\n			public viod show() {\n				int num  = 30;\n								System.out.println(num);\n				System.out.println(this.num);\n				System.out.println(Outer.this.num);\n			}\n		}\n	}\n```\n\n    (6)局部内部类\n	  A:局部内部类访问局部变量必须加final修饰。\n	  B:为什么呢?\n	      因为局部变量使用完毕就消失，而堆内存的数据并不会立即消失。\n	      所以，堆内存还是用该变量，而改变量已经没有了。\n	      为了让该值还存在，就加final修饰。\n	      通过反编译工具我们看到了，加入final后，堆内存直接存储的是值，而不是变量名。\n    (7)匿名内部类\n	  A:是局部内部类的简化形式\n	  B:前提\n	    存在一个类或者接口\n	  C:格式:\n	    new 类名或者接口名() {\n		重写方法;\n	    }\n	  D:本质：\n	    其实是继承该类或者实现接口的子类匿名对象\n\n\n```language\n内部类代码：\n interface Inter{\n	public abstract void show();\n	public abstract void show2();\n}\n\nclass Outer{\n	private int num = 10;\n	class Inner{\n		private int num = 20;\n		public void show() {\n		    int num = 30;\n			System.out.println(num);\n			System.out.println(this.num);\n			System.out.println(Outer.this.num);\n		}\n	}\n	public void method() {\n		Inter i = new Inter() {\n			public void show() {\n				System.out.println(\"show\");\n			}\n			public void show2() {\n				System.out.println(\"show2\");\n			}\n		};\n		i.show();\n		i.show2();\n	}\n}\n\npublic class DemoInerClass {\n    public static void main(String[] args) {\n	Outer.Inner oi = new Outer().new Inner();\n		oi.show();\n		Outer o = new Outer();\n		o.method();\n	}\n}\n\n输出为：\n30\n20\n10\nshow\nshow2\n```\n\n```language\n接口代码：\n\ninterface father {\n	public abstract void show();\n}\n\ninterface monther {\n	public abstract void show2();\n}\ninterface sister extends monther,father{\n	\n}\n\nclass zis implements father,monther,sister {\n	public void show() {\n		System.out.println(\"show father\");\n	}\n	public void show2() {\n		System.out.println(\"show monther\");\n	}\n}\n\npublic class interfaceone {\n       public static void main(String[] args) {\n		father f = new zis();\n		monther m = new zis();\n		sister s = new zis();\n		zis z =new zis();\n		s.show();\n		s.show2();\n		System.out.println(\"------------\");\n		f.show();\n		m.show2();\n		z.show();\n		z.show2();\n	}\n}\n\n输出结果为：\nshow father\nshow monther\n------------\nshow father\nshow monther\nshow father\nshow monther\n```\n','',1537704436,11,18,7,'多态是同一个行为具有多个不同表现形式或形态的能力。\n一般来说，有4中内部类：常规内部类、静态内部类、局部内部类、匿名内部类。\n'),(30,'015123213773','深入浅出UML类图','深入浅出UML类图\n \n作者：刘伟 ，发布于：2012-11-23，来源：CSDN\n\n \n在UML 2.0的13种图形中，类图是使用频率最高的UML图之一。\n类图用于描述系统中所包含的类以及它们之间的相互关系，帮助人们简化对系统的理解，它是系统分析和设计阶段的重要产物，也是系统编码和测试的重要模型依据。\n\n1、类及类的分类\n2、类的UML图示\n详细信息请点击：[深入浅出UML类图](http://www.uml.org.cn/oobject/201211231.asp)\n','',1537705493,11,8,2,'在UML 2.0的13种图形中，类图是使用频率最高的UML图之一。'),(31,'201610803025','Node.js基础知识分享','commonj的包规范\n\n包结构\n\n包描述文件\n\npackage.json{这个文件很重}\n描述文件\n\nbin\n\n可执行二进制文件\n\nlib\n\njs代码\n\ndoc文档\n\ntest单元测试工具\n\n任何的json不能写注释\n\nnpm remove /r 包名 删除包\n\nnpm install 包名 --save 安装包并添加到依赖中\n\nnpm install 下载当前项目所依赖的包\n\nnpm install 包名 -g 全局安装包（全局安装的包一般都是一些工具）\n\n镜像服务器\n\n将原来的软件下载到自己的服务器上，自己的服务器可以提供同样的下载。此时，我的服务器就叫镜像服务器\n\nbuffer 缓冲区\n\nbuffer的结构和数组很想，他的元素是16进制\n数组中不能存储二进制，而buffer就是专门用来存储二进制数据的\n使用buffer不需要引入模块，直接使用\n\nbuffer中的数据都是二进制，但都是用16进制显示的\n\nbuffer中每一个元素的范围是从00 - ff 0 - 255\n\nbufferlength 是占用内存的大小\n\n一个汉字等于3byte（字节）\n\nbuffer的大小一旦确定，则不能再修改\n\nbuffer.alloc\n\n分配空间的方法\n\n最小可以取8个0，多余的就舍去\n\n只要从buffer中输出结果就一定是十进制（只要是数字）\n\n\n\n\n','upload/2018-9/2018-9-0100c95fc765cd763f2644a4da740d48.jpg',1537705622,10,6,7,'第二周到第三周的学习心得'),(32,'201710804169','Web前端第二次会议','2018年9月23日，数学与计算机学院web应用团队于分测实验楼的创新实验室召开了“Web前端第二次会议”。会议主要内容是前端小组人员的相互交流学习，讲述自己在近一周的学习总结和学习心得。\n\n![TIM图片20180923220355.jpg](upload/2018-9/2018-9-d53d31acb44b79f0d3607d5e6cbf78c3.jpg)','upload/2018-9/2018-9-e752a762933cd3339e87f76cc7725664.jpg',1537711719,10,26,4,'学习总结交流'),(33,'015123213773','设计模式之六大原则','1、单一职责原则(Single Responsibility Principle, SRP)：一个类只负责一个功能领域中的相应职责，或者可以定义为：就一个类而言，应该只有一个引起它变化的原因。\n2、开闭原则(Open-Closed Principle, OCP)：一个软件实体应当对扩展开放，对修改关闭。即软件实体应尽量在不修改原有代码的情况下进行扩展。\n3、里氏代换原则(Liskov Substitution Principle, LSP)：所有引用基类（父类）的地方必须能透明地使用其子类的对象。\n4、依赖倒转原则(Dependency Inversion  Principle, DIP)：抽象不应该依赖于细节，细节应当依赖于抽象。换言之，要针对接口编程，而不是针对实现编程。\n5、接口隔离原则(Interface  Segregation Principle, ISP)：使用多个专门的接口，而不使用单一的总接口，即客户端不应该依赖那些它不需要的接口。\n6、迪米特法则(Law of  Demeter, LoD)：一个软件实体应当尽可能少地与其他实体发生相互作用。\n[详细信息（设计原则）](https://www.cnblogs.com/dolphin0520/p/3919839.html?tdsourcetag=s_pctim_aiomsg)\n','',1537712021,11,8,2,'六个设计原则'),(34,'201710804019','HTML','<DOCTYPE html>   html5版本 不用担心兼容性问题\nlang=“en”\ncharset 字符集\ngb2312 （国标）\nBIG5 繁体\nGBK GB2312的拓展\n<div>没有语义 盒子\nHTML 语义化标签\nHTML结构  CSS  样式 标签\n排版标签\n一.标题H 6 二.段落标签paragrap<P> 一行只能放一个\n单标签：换行标签  break <br/>   水平线标签 horizontal<hr>\ndiv 布局：一个占一行 span 布局  一行几个    盒子\n09 文本格式化标签\n<b></b><strong></strong>粗体    HTML推荐strong\n<i></i><em></em>斜体\n<s></s><del></del>加删除线\n<u></u><ins></ins>加下划线\n\n表格 显示数据 <table></table>行<tr></tr>单元格\nborder    align   left  center right align=\"center\"\ncellspacing 设置单元格之间的空白间隙\ncellpadding 内容距离单元格边框的位置\n三参为0 border cellpacing cellpadding\n表头标签 <th></th>\n<caption></caption>表格标题\n\n类名选择器<div.class=\"nav\" 这个div的名字就nav\ninput name div() ,nav()设置颜色\nid 选择器  #last{color:pink}<div id=\"last\">id选择器</div>\n通配符选择器*（很少使用）\n合并单元格 从上往下 从左往右\n删除的个数就是合并的个数减一\n表格是由行和单元格组成\n\n表单    表单域 表单控件（input） 提示文本\n</input>单标签 \ntype：\ntext单行文本框\npassword 密码\nrsdio 单选按钮 r如果是一组 我们必须给他们命名相同的名字 name  这样就可以多选一了\n            男<input type=\"radio\" name=\"sex\"/>\n            女<input type=\"radio\" name=\"sex\"/>\ncheckbox 复选框\nbutton 普通按钮\nsubmit 提交按钮\nreset重置按钮\nimage 图像形式的提交按钮\nfile 文件域\n\n\nvalue 默认文本值\nsize 正整数  显示宽度\ncheched=cheched \nmaxlength\ntextarea 文本域  <textarea></textarea>\n<select><option></option></select>下拉菜单\n表单域\n<from action=\"\"></from>action 提交到数据库\naction 送到数据库\nmethod      gte post  提交方式\n查文档\nW3school  \nMDN','',1537712572,12,7,7,'基本标签'),(35,'201710804169','java中的sort排序算法','在C语言中学习了冒泡排序，快速排序就是对冒泡排序的优化，快速排序是先找一个分界值，然后在将剩下的数与分界值比较，将小的放在分界值的左边大的放在右边。再将分界值的左右两边分别进行上述步骤。选择排序就是在序列中找到最小的数据然后与数组第一位进行交换，再找到第二小的数据放在序列第二位，以此重复。插入排序是先对序列前两个数据进行比较排序然后让第三个数在与之前排好序的进行比较，然后找到适合的位子存放第三个数，后面的数同第三个数重复。Shell排序是先数组分成n/2个数字序列然后是将第一个数据与n/2+1个数据为一对...然后一对一对的比较交换数据，再将数组分为n/4个序列重复上述。','',1537713834,12,8,7,'快速排序、选择排序、插入排序、shell排序'),(36,'201610801039','MVC安全登录','不知道能看清不','upload/2018-9/2018-9-4d12b82af9dafecd7451fdf13e2aa456.jpg',1537793649,12,8,NULL,'完成了基于MVC的安全登录研究与设计'),(37,'201610804026','callback-hell','# callback-hell的产生  #\n比如说有两个异步请求，而第二个异步请求需要第一个请求完成的前提下才能处理，因为我们无法控制异步请求的结果得先后，所以就必须要对函数进行嵌套，即控制在第一个请求处理完成后才开始处理第二个请求。但是如果用原始的函数嵌套的方式，请求不多的时候弊端不是很明显，请求多了之后就会出现图中那种情况（callback-hell）。\n\n![timg.jpg](upload/2018-9/2018-9-720706f0cbc24a13ddb9981e26235a38.jpg)\n\n# callback-hell的解决 #\nES6中的promise就能解决这个问题，promise是一个构造函数，promise本身不是异步的，但是其封装的操作是异步的。\n所以我们在使用promise的时候需要先new一个对象出来，它需要用一个函数来作为参数，而这个函数需要有两个参数，这两个参数都是处理完成（pengding）的结果状态，一个为resolve，代表处理请求成功，另一个为reject代表处理结果失败，该函数的作用就是对请求进行了封装。代码如下：\n\n\n![QQ图片20180926075438.png](upload/2018-9/2018-9-d2160e34ea75e25433da8e4ca7cd88b4.png)\n\nthen方法接收一个函数作为参数，而只有上一个then方法的处理状态为resolve时，后面的then方法才会被调用，这就实现了异步请求在需要在一个异步请求完成的前提下才能处理的问题。\n通过promise对象的then方法的链式调用，可以很轻松的解决callback-hell问题。\n\n\n','upload/2018-9/2018-9-bc01f35f7b7f8345639d1a729a59c8bb.jpg',1537887051,10,42,7,'callback-hell即回调地狱，回调地狱的产生是因为一系列的嵌套调用而差生的，代码可读性差，不易维护。而ES6的promise完美的解决回调地狱问题'),(39,'201610803025','浅谈nodejs三大核心模块之一','//文件模块：用来帮助我们操作文件\n//由于核心模块属于一个单独的模块，所以我们在使用之前需要引用这个核心模块\nvar fs = require(\"fs\");//引用文件操作核心模块\n\n//在fs核心 模块中，有一个方法可以用来读取文件中的内容\n//  fs.readFile\n//      这个方法有两个参数：\n//          参数一：要读取文件的路径\n//          参数二：读取后的回调函数\n//              回调函数也有两个参数：\n//                  参数一：当读取失败时的错误信息\n//                  参数二：读取出来的内容,读取出来的内容不会直接以字符串的形式显示而是以Buffer数组显示\n//                      如果需要内容以字符串的形式来表示，最好将内容.toString()\n// fs.readFile(\"./data.txt\",function(err,data){\n//     // console.log(\"文件读取成功\");\n//     if(err) {\n//         console.log(\"文件读取失败\");\n//         return;\n//     }\n//     console.log(data.toString());\n// });\n\n\n//fs核心模块中有一个方法可以帮助我们向文件中写入内容\n//fs.writeFile：这个方法有个缺点，会将原有的内容覆盖，如果文件不存在会创建一个新的文件\n//      这个方法有三个参数：\n//          参数一：要写入文件的路径\n//          参数二：要写入的内容\n//          参数三：读取后的回调函数\n//              回调函数有一个参数：\n//                  参数一：失败时的错误信息\n// var str = \"好好学习，天天向上\";\n// fs.writeFile(\"./data.txt\",str,function(err){\n//     if(err) {\n//         console.log(\"失败\");\n//         return;\n//     }\n//     console.log(\"成功\");\n// });\n\n//由于writeFIle方法会覆盖原有的内容，请根据我们已经学习过的内容写\n//  一段代码：可以在当前文件的后面追加一段内容\n//完成追加功能\n//1.0将原本的内容读取出来\nfs.readFile(\"./data.txt\", function (err, data) {\n  if (err) {\n    console.log(\"读取失败\");\n    return;\n  }\n  //2.0得到要追加的内容\n  var str = \"好好学习，天天向上\";\n  str = data + str;\n  //3.0重新写入\n  fs.writeFile(\"./data.txt\", str, function (err) {\n    if (err) {\n      console.log(\"失败\");\n      return;\n    }\n    console.log(\"成功\");\n  });\n});\n\n\n','upload/2018-10/2018-10-9cfd74110ca79d04e486e90f8b3eb22a.jpg',1539176185,10,11,7,'文件模块'),(40,'201710804035','JDK中String类','**String类概述**\n::: hljs-left\n\n字符串是由多个字符组成的一串数据(字符序列)\n字符串可以看成是字符数组\n\n:::\n\n\n![image.png](upload/2018-10/2018-10-df959afcc9174ee088ffbda9d537857e.png)\n\n\n**构造方法**\n::: hljs-left\n\n```\npublic String()\npublic String(byte[] bytes)\npublic String(byte[] bytes,int offset,int length)\npublic String(char[] value)\npublic String(char[] value,int offset,int count)\npublic String(String original)\n```\n\n\n:::\n**String类的判断功能**\n```\nboolean equals(Object obj)\nboolean equalsIgnoreCase(String str)\nboolean contains(String str)\nboolean startsWith(String str)\nboolean endsWith(String str)\nboolean isEmpty()\n```\n**String类的获取功能**\n```\nint length()\nchar charAt(int index)\nint indexOf(int ch)\nint indexOf(String str)\nint indexOf(int ch,int fromIndex)\nint indexOf(String str,int fromIndex)\nString substring(int start)\nString substring(int start,int end)\n```\n**String类的转换功能**\n```\nbyte[] getBytes()\nchar[] toCharArray()\nstatic String valueOf(char[] chs)\nstatic String valueOf(int i)\nString toLowerCase()\nString toUpperCase()\nString concat(String str)\n```\n**String类的其他功能**\n```\n//替换功能\nString replace(char old,char new)\nString replace(String old,String new)\n//去除字符串两空格	\nString trim()\n//按字典顺序比较两个字符串  \nint compareTo(String str)\nint compareToIgnoreCase(String str) \n```\n```\nString类的概述和使用(掌握)\n	(1)多个字符组成的一串数据。\n		其实它可以和字符数组进行相互转换。\n	(2)构造方法：\n		A:public String()\n		B:public String(byte[] bytes)\n		C:public String(byte[] bytes,int offset,int length)\n		D:public String(char[] value)\n		E:public String(char[] value,int offset,int count)\n		F:public String(String original)\n		下面的这一个虽然不是构造方法，但是结果也是一个字符串对象\n		G:String s = \"hello\";\n	(3)字符串的特点\n		A:字符串一旦被赋值，就不能改变。\n			注意：这里指的是字符串的内容不能改变，而不是引用不能改变。\n		B:字面值作为字符串对象和通过构造方法创建对象的不同\n			String s = new String(\"hello\");和String s = \"hello\"的区别?\n	(4)字符串的面试题(看程序写结果)\n		A:==和equals()\n			String s1 = new String(\"hello\");\n			String s2 = new String(\"hello\");\n			System.out.println(s1 == s2);// false\n			System.out.println(s1.equals(s2));// true\n\n			String s3 = new String(\"hello\");\n			String s4 = \"hello\";\n			System.out.println(s3 == s4);// false\n			System.out.println(s3.equals(s4));// true\n\n			String s5 = \"hello\";\n			String s6 = \"hello\";\n			System.out.println(s5 == s6);// true\n			System.out.println(s5.equals(s6));// true\n		B:字符串的拼接\n			String s1 = \"hello\";\n			String s2 = \"world\";\n			String s3 = \"helloworld\";\n			System.out.println(s3 == s1 + s2);// false\n			System.out.println(s3.equals((s1 + s2)));// true\n\n			System.out.println(s3 == \"hello\" + \"world\");// true\n			System.out.println(s3.equals(\"hello\" + \"world\"));// true\n	(5)字符串的功能\n		A:判断功能\n			boolean equals(Object obj)\n			boolean equalsIgnoreCase(String str)\n			boolean contains(String str)\n			boolean startsWith(String str)\n			boolean endsWith(String str)\n			boolean isEmpty()\n		B:获取功能\n			int length()\n			char charAt(int index)\n			int indexOf(int ch)\n			int indexOf(String str)\n			int indexOf(int ch,int fromIndex)\n			int indexOf(String str,int fromIndex)\n			String substring(int start)\n			String substring(int start,int end)\n		C:转换功能\n			byte[] getBytes()\n			char[] toCharArray()\n			static String valueOf(char[] chs)\n			static String valueOf(int i)\n			String toLowerCase()\n			String toUpperCase()\n			String concat(String str)\n		D:其他功能\n			a:替换功能 \n				String replace(char old,char new)\n				String replace(String old,String new)\n			b:去空格功能\n				String trim()\n			c:按字典比较功能\n				int compareTo(String str)\n				int compareToIgnoreCase(String str) \n\n```\n','',1539176701,11,9,7,'学习并了解了String类中的各种方法以及部分源码'),(42,'015123213773','团队开展QRcode二维码和node.js操作专题报告','2018年10月13日，数学与计算机学院Web应用团队与励志楼四楼召开了关于“基于QRcode的二维码制作”和“基于nodejs的学生信息的CRUD操作”的讲解会议。前者主讲人是2016级软件工程杨廷发，讲解了BufferImage、Graphic2D、和QRcode相关知识。后者主讲人是2016级软件工程罗文，讲解了node与API、模块、异步和回调函数。\n![TIM图片20181014163713.jpg](upload/2018-10/2018-10-586bd0dd8e88f95fc68519178acdfd87.jpg)\n\n','upload/2018-10/2018-10-05308c3d1a65624ff5c91225d94420ec.jpg',1539506204,12,18,2,'专业团队主题报告会'),(43,'201710803017','团队开展基于java开发的打字游戏，拼图游戏的讲解','\n2018年10月21日，数学与计算机学院Web应用团队与励志楼四楼召开了关于“拼图游戏”和“打字游戏”的讲解会议。前者主讲人是2017级软件工程苟雨晴，讲解了java-swing相关知识，对于图片的分割，分割以后单块图片的移动以及鼠标事件的监听。后者主讲人是2017级软件工程武涛，讲解了怎么获得随机字母和字母的颜色，以及字母的移动和键盘事件的监听。\n\n![实验.jpg](upload/2018-11/2018-11-646b64c775c3419d9fd96124f756a39a.jpg)\n','upload/2018-11/2018-11-1f2094e15b97caf201bebcdc48d0adf4.jpg',1540216349,12,37,4,'2018年10月21日，数学与计算机学院Web应用团队与励志楼四楼召开了关于“拼图游戏”和“打字游戏”的讲解会议。前者主讲人是2017级软件工程苟雨晴，讲解了java-swing相关知识，对于图片的分割，分割以后单块图片的移动以及鼠标事件的监听。后者主讲人是2017级软件工程武涛，讲解了怎么获得随机字母和字母的颜色，以及字母的移动和键盘事件的监听。\n\n'),(44,'201710804172','基于Java的String和数组常用方法的讲解','2018年10月28日，数学与计算机学院Web应用团队与励志楼四楼召开了关于“基于Java的String和数组常用方法”的讲解会议。前者主讲人是2017级软件工程一班的徐岸，后者主讲人是2017级软件工程四班的刘杰\n![Cache_41d4b9aea161acf9..jpg](upload/2018-11/2018-11-f99e9727ad5aa5c7cfae88a73432086e.jpg)\n','upload/2018-11/2018-11-777d74c000110e20a902af28c7c7a6ef.jpg',1541762302,12,13,4,'2018年10月28日，数学与计算机学院Web应用团队与励志楼四楼召开了关于“基于Java的String和数组常用方法”的讲解会议。前者主讲人是2017级软件工程一班的徐岸，后者主讲人是2017级软件工程四班的刘杰'),(45,'201610804025','javaScript缓存','由于打字比较麻烦，复制上来格式会乱，直接上图！\n![11.png](upload/2018-11/2018-11-534b88cf55b9294fef02c15c1674c1ef.png)\n\n![2.png](upload/2018-11/2018-11-63157ba553fa655441dc2b2bc32f2890.png)\n\n使用斐波拉契数列来操作一波，效果更明显！\n\n![无标题.png](upload/2018-11/2018-11-67a65e816ba0ab280581723705bceb81.png)','upload/2018-11/2018-11-539e179d90c8fc5cab49f26a1fe515ba.jpg',1542423751,10,16,6,'在js编程中经常使用缓存技术来优化用户体验，减少重复性操作函数的运算时间。实际上也是一种使用空间换取时间的思想。主要使用技术为高阶函数编程及闭包。'),(46,'201710804035','Java API 源码分析之sort，list','  WEB应用开发专业团队于2018年11月9日19:40在砺志楼四楼会议室开展了sort。list的讲解。 本次团队活动由段发钰，全科举主讲，报告会首先段发钰介绍了sort相关功能，探讨了不同范围使用不同的排序算法。并且举例说明了comparator与comparable的区别。然后由全科举讲解了list中常见的三个集合：ArrayList、Vector、LinkedList。团队成员在此次团队活动中积极参与，共同探讨相关问题。\n\n![团队.jpg](upload/2018-11/2018-11-180f6c2ad0275dbaf96609dfd2adc13e.jpg)','upload/2018-11/2018-11-d5baffea29423610ae451580e15f1603.jpg',1542514467,12,28,4,'web专业团队技术交流——sort，list。'),(47,'201610803063','web应用开发专业团队团日活动系列之讲解Java异常与设计原则','不知不觉，一周又过去了，于2018年11月18日19：00点，web应用开发专业团队全体成员和大一的新成员在励志楼四楼会议室再次开展了技术讲解的团日活动。\n\n本次活动由曹林和黄金树主讲。其中曹林为我们讲解“Java的异常”，提到了异常的分类、常见的异常类和常用的异常方法，并仔细阐述了捕获异常过程和注意事项。最后还由兰总带领大家一起讨论catch语句块里的return执行情况并通过问问题对这部分讲解做出总结。\n\n另外黄金树为我们带来了编程中必不可少的”六大设计原则“。其中包括”单一原则“、”接口隔离原则“、”开闭原则“、”里氏代换原则“、”依赖倒置原则“和”迪米特法则“。并为我们逐一对六大原则进行了深入浅出的讲解。最后兰总也对每条原则做出了补充，强调了这些原则对编程的好处。\n![Cache_3a85169427516a0..jpg](upload/2018-12/2018-12-5c865de9bef86c96154457a0a1f677fe.jpg)','upload/2018-12/2018-12-e7aeab9f3984f4a514fcbd3d8e14e035.jpg',1542616197,12,18,4,'web应用开发专业团队团日活动系列之讲解Java异常与设计原则'),(48,'201710804052','Java中设计模式的讲解与团队管理方案确定会议','2018年11月30日，数学与计算机学院web应用专业团队在励志楼四楼会议召开了Java设计模式的讲解和团队管理方案的确定会议。\n会议伊始，尹迪进行本次会议的考勤，然后进行Java设计模式中的简单工厂模式、工厂模式和单例模式的讲解，接着团队指导老师兰全祥和其他团队成员进行了点评和修正。Java的设计模式的几个模式讲解完后，姚添译进行了管理团队方案确定的主持。最终本次会议确定了团队管理的方案。\n\n\n![尹迪2.JPG](upload/2018-12/2018-12-46d563911f462891b74d92f43f15ea33.JPG)','upload/2018-12/2018-12-ddc47ee9b46b0b310ef7026748a466da.jpg',1543591253,12,31,4,'2018年11月30日，数学与计算机专业团队于励志楼四楼会议室召开了Java中设计模式的会议。本次会议Java的设计模式由尹迪讲解，团队管理会议由姚添译主持。'),(49,'201710804019','递归与二叉树的讲解','2018年12月7日，数学与计算机学院web应用专业团队在励志楼四楼会议召开了递归与二叉树的讲解会议。 会议伊始，黄文强进行本次会议的考勤，然后进行递归的讲解，主要从两个例子fibonacci和汉诺塔进行讲解，接着团队指导老师兰全祥和其他团队成员进行了点评和修正。之后杨新宇对二叉树进行了讲解，包括满二叉树与全二叉树的区别以及对二叉树遍历的顺序等。\n![QQ图片20181207223630.jpg](upload/2018-12/2018-12-781ec7113341f7530326c632219ab35a.jpg)','',1544195130,12,10,4,'兰全祥'),(50,'015123213773','专业团队团日活动系列之讲解JavaScript执行机制和打字游戏','2018年12月8日，数学与计算机学院web应用专业团队在励志楼四楼会议召开了讲解JavaScript执行机制和打字游戏的报告会议。 会议伊始，伍涛进行本次会议的考勤，之后由罗文讲解JavaScript的执行机制，主要讲解了异步任务的执行机制以及对宏任务、微任务的区分。接着伍涛讲解打字游戏的代码实现，重要分析事件监听和界面的实现。最后由兰老师对此次会议进行总结。\n\n![新闻3.jpg](upload/2018-12/2018-12-a16ead84190de112772a1eb3508ddda5.jpg)','upload/2018-12/2018-12-77be2fc7fe54824873e68a0c7355e104.jpg',1544282802,12,17,4,'web应用开发专业团队团日活动系列之讲解JavaScript执行机制和打字游戏'),(52,'201710804169','学期总结','2018年12月21日，数学与计算机学院web应用专业团队在励志楼四楼会议室召开了学期总结会议。本次会议有姚添译考勤点到。会议主要内容由兰全祥老师讲解，兰老师详细的讲解了自己和团队成员在过去一年里所作的事。然后成员们分享了自己在加入团队后的收获感受和对兰老师的感谢。\n\n![TIM图片20181222090617.jpg](upload/2018-12/2018-12-7ee756798df6094e094fb3d3cd73ebb6.jpg)','upload/2018-12/2018-12-af00a396c2967b915efa79bc14896046.jpg',1545442164,12,9,4,'学期总结'),(53,'015123213773','WEB应用专业团队宣传片','[![图片1.jpg](upload/2019-1/2019-1-6feeda2ae2c6c170cea1a4a93501d4e4.jpg)](http://www.pzhuweb.cn/upload/file/2018.mp4)','upload/2019-1/2019-1-5386fb29d985212a1c198fccce6a96f8.jpg',1546335288,12,224,4,'2018团队总结'),(56,'201710804172','WEB应用专业团队2018-2019学年第二学期第一次团队会议','2019年2月24日下午三点，数学与计算机学院WEB应用专业团队在分册楼7a-2召开了2018-2019学年第二学期第一次团队会议。 会议。开始，由兰全祥老师对团队成员进行了管理，并欢迎张俊知道老师加入团队；之后由兰全祥老师介绍了本次会议的团队事务：第一周的创新实验室的位置申请、团队成员假期项目成果检测（大三成员只检查项目，大二成员检验成果并试卷检验，大一成员试卷检验）、团队成员学科成绩检验、团队成员报告会题目拟定；最后由张俊老师介绍了大学生计算机作品竞赛和综合大学生设计大赛两个比赛的大致信息。','upload/2019-2/2019-2-65f0cbd7ae63d56e31d5131c5f4caf85.jpg',1551080624,12,8,4,'2019年2月24日下午三点，数学与计算机学院WEB应用专业团队在分册楼7a-2召开了2018-2019学年第二学期第一次团队会议。 会议。开始，由兰全祥老师对团队成员进行了管理，并欢迎张俊知道老师加入团队；之后由兰全祥老师介绍了本次会议的团队事务：第一周的创新实验室的位置申请、团队成员假期项目成果检测（大三成员只检查项目，大二成员检验成果并试卷检验，大一成员试卷检验）、团队成员学科成绩检验、团队成员报告会题目拟定；最后由张俊老师介绍了大学生计算机作品竞赛和综合大学生设计大赛两个比赛的大致信息。'),(58,'201710804172','WEB应用专业团队2018-2019学年第二学期第一次全体会议','2019年3月10日晚上19点40分，数学与计算机学院WEB应用专业团队在励志楼4楼会议室召开了2018-2019学年第二学期第一次全体会议。会议开始之前，先进行了点到。会议开始，先由兰老师主讲，主要讲解了7个方面：\n    1、团队管理计划、大一的根据考试分数择优进入创新实验室；\n    2、团队每周一次的周报取消；\n    3、本学期的活动内容，以及下一周的活动安排；\n    4、团队跑步考勤情况，一周两次；\n    5、写论文的思路：（1）感兴趣的主题；（2）知网上查相关文献；（3）整理提纲；（4）细化提纲每个部分，并找指导老师修改；\n    6、论文结构讲解：标题、摘要、关键词、前言、提纲\n    7、论文查重。\n最后由张俊老师主讲，讲解了对于团队的思想方面，团队的意义。','upload/2019-3/2019-3-70b6e90c6ca5123072542c74ea73b676.jpg',1552299228,12,3,4,'WEB应用专业团队2018-2019学年第二学期第一次全体会议'),(59,'201710804035','Java中的关键字','   2019年3月15日19:40在分测6a-3举行团队分享会，本次分享会由杨廷发和刘杰主讲。杨廷发同学讲解了Java中的关键字的相关知识点，分别对Vector、ArrayList、HashMap、TreeMap等关键字的对比与实现进行了代码演示。随后刘杰同学讲解了Java中常见的几个关键字，并对部分关键字进行了现场演示与讲解。最后由团队指导老师兰全祥老师总结发言，他指出团队成员应该去学习和巩固今天主讲同学所讲的知识，并在下次团队会议中进行提问。团队成员在本次分享收获颇深，自此本次分享会圆满结束，','',1552726769,12,7,2,'2019年3月15日19:40在分测6a-3举行团队分享会，本次分享会由杨廷发和刘杰主讲。');

/*Table structure for table `article_type_table` */

DROP TABLE IF EXISTS `article_type_table`;

CREATE TABLE `article_type_table` (
  `type_num` int(11) NOT NULL AUTO_INCREMENT,
  `type_name` varchar(16) NOT NULL,
  PRIMARY KEY (`type_num`)
) ENGINE=InnoDB AUTO_INCREMENT=13 DEFAULT CHARSET=utf8;

/*Data for the table `article_type_table` */

insert  into `article_type_table`(`type_num`,`type_name`) values (10,'前端'),(11,'后台'),(12,'动态');

/*Table structure for table `banner_table` */

DROP TABLE IF EXISTS `banner_table`;

CREATE TABLE `banner_table` (
  `id` int(11) NOT NULL AUTO_INCREMENT,
  `href` varchar(128) DEFAULT NULL,
  PRIMARY KEY (`id`)
) ENGINE=InnoDB AUTO_INCREMENT=24 DEFAULT CHARSET=utf8;

/*Data for the table `banner_table` */

insert  into `banner_table`(`id`,`href`) values (19,'upload/04.jpg'),(20,'upload/2018-4/2018-4-08d4aaf2e14041a5848d28613e59fb4b.jpg'),(21,'upload/2018-4/2018-4-4d3fdaa73f352c6b4c10f7bcba2a352d.jpg'),(22,'upload/05.jpg'),(23,'upload/2018-4/2018-4-a5af1acc3f26a92700090ba52472d08c.jpg');

/*Table structure for table `depart_table` */

DROP TABLE IF EXISTS `depart_table`;

CREATE TABLE `depart_table` (
  `depart_num` int(11) NOT NULL AUTO_INCREMENT COMMENT '学院编号',
  `depart_name` varchar(32) NOT NULL COMMENT '学院名字',
  PRIMARY KEY (`depart_num`)
) ENGINE=InnoDB AUTO_INCREMENT=15 DEFAULT CHARSET=utf8;

/*Data for the table `depart_table` */

insert  into `depart_table`(`depart_num`,`depart_name`) values (1,'数学与计算机学院'),(2,'材料工程学院'),(3,'电气信息工程学院'),(4,'机械工程学院'),(5,'交通与汽车工程学院'),(6,'经济与管理学院'),(7,'康养学院'),(8,'人文社科学院'),(9,'生物与化学工程学院'),(10,'土木与建筑工程学院'),(11,'外国语学院'),(12,'医学院'),(13,'艺术学院'),(14,'资源与环境工程学院');

/*Table structure for table `file_table` */

DROP TABLE IF EXISTS `file_table`;

CREATE TABLE `file_table` (
  `id` int(11) NOT NULL AUTO_INCREMENT,
  `student_num` varchar(12) NOT NULL,
  `title` varchar(32) NOT NULL,
  `href` varchar(32) DEFAULT NULL,
  `post_time` int(11) NOT NULL,
  `description` varchar(128) DEFAULT NULL,
  `file_href` varchar(128) DEFAULT NULL,
  PRIMARY KEY (`id`),
  KEY `student_file` (`student_num`),
  CONSTRAINT `student_file` FOREIGN KEY (`student_num`) REFERENCES `user_table` (`student_num`) ON DELETE CASCADE
) ENGINE=InnoDB AUTO_INCREMENT=4 DEFAULT CHARSET=utf8;

/*Data for the table `file_table` */

insert  into `file_table`(`id`,`student_num`,`title`,`href`,`post_time`,`description`,`file_href`) values (1,'015123213773','WEB前端开发技术讲义','',1525192688,'WEB前端开发技术讲义','/upload/2018-5/2018-5-822c878898cb52ff37e54fb0e1ae9022.docx'),(3,'201610803025','数组去重的几种方式','',1543025139,'本文浅度介绍数组去重的实现','upload/2018-11/2018-11-80349a78989ffe1d270ce13abae9071c.js');

/*Table structure for table `label_type_table` */

DROP TABLE IF EXISTS `label_type_table`;

CREATE TABLE `label_type_table` (
  `type` int(11) NOT NULL AUTO_INCREMENT,
  `name` varchar(16) NOT NULL,
  PRIMARY KEY (`type`)
) ENGINE=InnoDB AUTO_INCREMENT=8 DEFAULT CHARSET=utf8;

/*Data for the table `label_type_table` */

insert  into `label_type_table`(`type`,`name`) values (1,'论文'),(2,'报告'),(3,'源码'),(4,'新闻'),(5,'笔试面试'),(6,'技术前沿'),(7,'学习心得');

/*Table structure for table `major_table` */

DROP TABLE IF EXISTS `major_table`;

CREATE TABLE `major_table` (
  `major_num` int(11) NOT NULL AUTO_INCREMENT COMMENT '专业编号',
  `major_name` varchar(16) NOT NULL COMMENT '专业名字',
  `depart_num` int(11) NOT NULL,
  PRIMARY KEY (`major_num`),
  KEY `depart_num` (`depart_num`),
  CONSTRAINT `depart_num` FOREIGN KEY (`depart_num`) REFERENCES `depart_table` (`depart_num`) ON DELETE CASCADE ON UPDATE CASCADE
) ENGINE=InnoDB AUTO_INCREMENT=70 DEFAULT CHARSET=utf8;

/*Data for the table `major_table` */

insert  into `major_table`(`major_num`,`major_name`,`depart_num`) values (1,'计算机科学与技术',1),(2,'软件工程',1),(3,'网络工程',1),(4,'信息与计算科学',1),(5,'材料成型及控制工程',2),(6,'材料科学与工程',2),(7,'金属材料工程',2),(8,'新能源材料与器件',2),(9,'测控技术与仪器',3),(10,'电气工程及其自动化',3),(11,'电子信息工程',3),(12,'自动化',3),(13,'工业工程',4),(14,'工业设计',4),(15,'机械设计制造及其自动化',4),(16,'车辆工程',5),(17,'交通设备与控制工程',5),(18,'汽车服务工程',5),(19,'汽车运用与维修技术',5),(20,'汽车运用技术',5),(21,'财务管理',6),(22,'工商管理',6),(23,'国际经济与贸易',6),(24,'会计',6),(25,'会计学',6),(26,'金融管理与实务',6),(27,'市场营销',6),(28,'物流管理',6),(29,'护理',7),(30,'护理学',7),(31,'康复治疗技术',7),(32,'助产',7),(33,'法学',8),(34,'汉语言文学',8),(35,'行政管理',8),(36,'旅游管理',8),(37,'秘书学',8),(38,'学前教育',8),(39,'旅游管理(专)',8),(40,'化学工程与工艺',9),(41,'生物工程',9),(42,'新能源科学与工程',9),(43,'应用化学',9),(44,'园艺',9),(45,'测绘工程',10),(46,'土木工程',10),(47,'城乡规划',10),(48,'工程管理',10),(49,'建筑工程技术',10),(50,'建筑学',10),(51,'商务英语',11),(52,'英语',11),(53,'翻译',11),(54,'英语教育',11),(55,'商务英语(专)',11),(56,'眼视光技术',12),(57,'临床医学(学制5年)',12),(58,'临床医学(专)',12),(59,'产品设计',13),(60,'服装与服饰设计',13),(61,'环境设计',13),(62,'视觉传达设计',13),(63,'数字媒体艺术设计',13),(64,'雕刻艺术设计',13),(65,'电脑艺术设计',13),(66,'采矿工程',14),(67,'环境工程',14),(68,'冶金工程',14),(69,'矿物加工工程',14);

/*Table structure for table `news_table` */

DROP TABLE IF EXISTS `news_table`;

CREATE TABLE `news_table` (
  `id` int(11) NOT NULL AUTO_INCREMENT,
  `title` varchar(16) NOT NULL COMMENT '公告标题',
  `body` text NOT NULL COMMENT '公告正文',
  `post_time` int(11) NOT NULL COMMENT '发布日期',
  PRIMARY KEY (`id`)
) ENGINE=InnoDB AUTO_INCREMENT=10 DEFAULT CHARSET=utf8;

/*Data for the table `news_table` */

insert  into `news_table`(`id`,`title`,`body`,`post_time`) values (1,'WEB应用团队成员信息注册','# 信息注册\n请所有web应用专业团队成员注册信息，以便于团队管理。\n注册之后完善个人信息。',1523520204),(8,'第四次团队活动通知','### 团队活动通知\n5月1号在2-101举行团队活动。\n#### 地点：2-101\n#### 时间：5月1日 19:00\n#### 内容：\n- 技术路线讲解\n- 小组双选会\n- 学习情况了解\n',1524745603),(9,'2018WEB应用专业团队宣传片','<video id=\"video\" controls=\"controls\" preload=\"metadata\" width=\"800px\">\n<source id=\"mp4\" src=\"upload/file/2018.mp4\" type=\"video/mp4\">\n</video>\r\n[不能播放点这里](http://www.pzhuweb.cn/upload/file/2018.mp4)\r\n',1545806027);

/*Table structure for table `reserch_table` */

DROP TABLE IF EXISTS `reserch_table`;

CREATE TABLE `reserch_table` (
  `id` int(11) NOT NULL AUTO_INCREMENT,
  `student_num` varchar(12) NOT NULL,
  `type_num` int(11) NOT NULL,
  PRIMARY KEY (`id`),
  KEY `reserch_type` (`type_num`),
  KEY `reserch_user` (`student_num`),
  CONSTRAINT `reserch_type` FOREIGN KEY (`type_num`) REFERENCES `reserch_type_table` (`reserch_num`) ON DELETE CASCADE,
  CONSTRAINT `reserch_user` FOREIGN KEY (`student_num`) REFERENCES `user_table` (`student_num`) ON DELETE CASCADE
) ENGINE=InnoDB AUTO_INCREMENT=63 DEFAULT CHARSET=utf8;

/*Data for the table `reserch_table` */

insert  into `reserch_table`(`id`,`student_num`,`type_num`) values (11,'201610801039',1),(12,'201610804094',1),(14,'201610803025',2),(20,'015123213773',1),(21,'015123213773',2),(22,'015123213773',3),(23,'015123213773',4),(24,'015123213773',5),(25,'201510804013',2),(29,'201510803006',1),(30,'201710804099',1),(34,'201710804172',1),(36,'201610804024',1),(37,'201610804118',1),(38,'201710804035',1),(39,'201710804049',1),(40,'201710804052',3),(41,'201710804019',2),(42,'201710804105',2),(43,'201710804099',1),(44,'015123213773',1),(45,'015123213773',2),(46,'015123213773',3),(47,'015123213773',4),(48,'015123213773',5),(49,'015123213773',1),(50,'015123213773',2),(51,'015123213773',3),(52,'015123213773',4),(53,'015123213773',5),(54,'015123213773',1),(55,'015123213773',3),(56,'015123213773',2),(57,'015123213773',4),(58,'015123213773',5),(59,'201610801039',1),(60,'201710804169',1),(61,'201710804169',2),(62,'201610803063',1);

/*Table structure for table `reserch_type_table` */

DROP TABLE IF EXISTS `reserch_type_table`;

CREATE TABLE `reserch_type_table` (
  `reserch_num` int(11) NOT NULL AUTO_INCREMENT,
  `reserch_name` varchar(16) NOT NULL,
  PRIMARY KEY (`reserch_num`)
) ENGINE=InnoDB AUTO_INCREMENT=6 DEFAULT CHARSET=utf8;

/*Data for the table `reserch_type_table` */

insert  into `reserch_type_table`(`reserch_num`,`reserch_name`) values (1,'后台'),(2,'前端'),(3,'全栈'),(4,'算法'),(5,'动画');

/*Table structure for table `user_info_table` */

DROP TABLE IF EXISTS `user_info_table`;

CREATE TABLE `user_info_table` (
  `student_num` varchar(12) NOT NULL,
  `description` varchar(124) DEFAULT NULL COMMENT '个人简介',
  `depart_num` int(11) NOT NULL COMMENT '学院',
  `major_num` int(11) NOT NULL COMMENT '专业名称',
  `image` varchar(124) NOT NULL COMMENT '个人照片',
  `phone_num` varchar(11) NOT NULL COMMENT '联系方式',
  `email` varchar(32) NOT NULL COMMENT '邮箱',
  PRIMARY KEY (`student_num`),
  KEY `depart` (`depart_num`),
  KEY `major` (`major_num`),
  CONSTRAINT `depart` FOREIGN KEY (`depart_num`) REFERENCES `depart_table` (`depart_num`) ON DELETE CASCADE,
  CONSTRAINT `major` FOREIGN KEY (`major_num`) REFERENCES `major_table` (`major_num`) ON DELETE CASCADE,
  CONSTRAINT `userInfo` FOREIGN KEY (`student_num`) REFERENCES `user_table` (`student_num`) ON DELETE CASCADE
) ENGINE=InnoDB DEFAULT CHARSET=utf8;

/*Data for the table `user_info_table` */

insert  into `user_info_table`(`student_num`,`description`,`depart_num`,`major_num`,`image`,`phone_num`,`email`) values ('015123213773','',1,1,'upload/2018-9/2018-9-54b09e8820f7186fbceaeaae369d113d.jpg','15123213773','pzh.lan@qq.com'),('201510803006','',1,3,'upload/2018-6/2018-6-31c6f57ed8659a138f947956954fa906.jpg','15082387826','2023718673@qq.com'),('201510803075','',1,3,'upload/2018-5/2018-5-33772c3fc50965642549ffdebcb77939.jpg','13388317054','2293230160@qq.com'),('201510804002','闲人一个',1,2,'upload/2018-6/2018-6-87dbf08f137ad40bc8303bc5b1dcb40e.jpg','15082386406','723741779@qq.com'),('201510804013','温江夏洛克',1,2,'upload/2018-5/2018-5-52e4e565cfa56183a579db495f699ae6.jpg','15082383283','1183927842@qq.com'),('201610801039','',1,1,'upload/2018-9/2018-9-8218eb5a82dc734fccee785e33578b7d.jpg','18881204812','1291498269@qq.com'),('201610803025','天生不是强者，那就用自己的双手变成强者！',1,3,'upload/2018-5/2018-5-fcc2da48b0a6d2a80cc8f6a52deccd0a.jpg','18982393404','1141453778@qq.com'),('201610803063','',1,3,'upload/2018-11/2018-11-a83867d3271edd4d62d3987ee95a1406.jpg','13658144347','574831321@qq.com'),('201610804024','开开心心，快快乐乐，健健康康',1,2,'upload/2018-5/2018-5-acc41c26eb3c62b5f48e47a1677480c3.jpg','18180303132','yangbin51@outlook.com'),('201610804025','行为乖张，性格奇葩',1,2,'upload/2018-5/2018-5-8bc96bd469bc8e83e87e6f2902474b4d.jpg','18090412062','491085932@qq.com'),('201610804026','',1,2,'upload/2018-5/2018-5-1827c907114b61c40c2ce42b3113463a.jpg','18881209757','1002992347@qq.com'),('201610804032','一个幽默风趣，帅气逼人的前端小白。',1,2,'upload/2018-5/2018-5-5718f21039e5ccfc2fd5590120f414c4.jpg','13118310939','1291962779@qq.com'),('201610804034','',1,2,'upload/2018-5/2018-5-b0c888b32a9165e792140db55f68c85a.jpg','18089592247','874792970@qq.com'),('201610804094','',1,2,'upload/2018-4/2018-4-4d8fa10ea67db406ab194697b583de8a.jpg','14708200175','14708200175@qq.com'),('201610804118','好好学习，天天向上。',1,2,'upload/2018-5/2018-5-6a0102d4ed53423ccfaf1a33b7689243.jpg','18881203238','1011960516@qq.com'),('201710804019','',1,2,'upload/2018-9/2018-9-47ab16c1731a83df926cb290ff9d2034.jpg','13550950850','308506994@qq.com'),('201710804035','',1,2,'upload/2018-9/2018-9-af666eac2e583f10ddd84553ea3a8718.jpg','15208262206','1165083811@qq.com'),('201710804049','',1,2,'upload/2018-9/2018-9-dcedcefd91a7b9758a7e39a12238f239.jpg','13158797816','951009487@qq.com'),('201710804052','年级及专业为: 2017级软件工程',1,2,'upload/2018-9/2018-9-72eac2c0a2e5e5e23c205b11ca63221c.jpg','18081748041','3121894148@qq.com'),('201710804099','',1,2,'upload/2018-9/2018-9-fda00757aa45f762187736f5fc2f66c2.jpg','13158562236','2284687263@qq.com'),('201710804105','',1,2,'upload/2018-9/2018-9-03c083344bf1acb54bb5d6899d781e28.jpg','13698219068','3319948815@qq.com'),('201710804169','',1,1,'upload/2018-11/2018-11-aca1ed80ac402a87964ae6ea7e5bcb52.jpg','13558988128','865852326@qq.com'),('201710804172','',1,2,'upload/2018-9/2018-9-d25a89c279f36d43f4fa9dff2063500c.jpg','15182161727','570143006@qq.com');

/*Table structure for table `user_table` */

DROP TABLE IF EXISTS `user_table`;

CREATE TABLE `user_table` (
  `student_num` varchar(12) NOT NULL,
  `username` varchar(16) NOT NULL,
  `password` varchar(32) NOT NULL,
  `is_active` int(11) NOT NULL DEFAULT '0',
  PRIMARY KEY (`student_num`)
) ENGINE=InnoDB DEFAULT CHARSET=utf8;

/*Data for the table `user_table` */

insert  into `user_table`(`student_num`,`username`,`password`,`is_active`) values ('015123213773','兰全祥','f6fa51031a255cd2ff201f858c504945',1),('201510803006','雷代文','b407df0aa78ed9caaa6e56e96af60a03',1),('201510803075','陈波','146af6093aff57c736755c4c3a0eb27c',1),('201510804002','刘星','27df6d06ab8ad72912de16ee496f8135',1),('201510804013','许伟','0d833afa5247ca962806d27282058886',1),('201511101045','xiaozhao','fc068650b7736f330c2cf9f01c836f11',0),('201610801013','阎钊','b407df0aa78ed9caaa6e56e96af60a03',0),('201610801039','雷虹','8757abbcb515fa7ed7b9e080aa28d2f4',1),('201610803025','朱贤鑫','f6fa51031a255cd2ff201f858c504945',1),('201610803063','黄文强','0696960b119565365911b494ebffb111',1),('201610804024','杨廷发','b1777508a93d82aa3d733b3e5164172c',1),('201610804025','任云宏','9573ef1a4bcead069450f5d3a8138435',1),('201610804026','丁乙诗','b63befc4000579e6f4b73f940c2aa34e',1),('201610804032','罗文','f6fa51031a255cd2ff201f858c504945',1),('201610804034','寇国钊','ad993e478a062d894854dbb2d7414553',1),('201610804036','你大爷','5cf69cbea57220a1e82de1ac07e88d6e',0),('201610804094','丁川芸','b56e78a4ea401d3d2b2ca63ae8f62291',1),('201610804118','姚添译','f6fa51031a255cd2ff201f858c504945',1),('201710803017','曹林','0a641ad37510683a0c1343465b0017f1',1),('201710804019','段发钰','f6fa51031a255cd2ff201f858c504945',1),('201710804035','徐岸','677c3af44a679f0bc811744e091a80d7',1),('201710804049','尹迪','5661fc61a5ccb46702b909b5eab13e07',1),('201710804052','全科举','8d4326acab9d0402cf7f9baff916bd7f',1),('201710804099','刘杰','d1e3e77371bef8f26bd0b66782063326',1),('201710804105','苟雨晴','5221c1deb4293a434d96d9a40b0f1716',1),('201710804169','黄金树','0c381a070be8ae4038589f40cc1af847',1),('201710804172','伍涛','8dcb4d363fd50eca8a0c5781e630af3d',1),('201810808888','张家','07458943c6c7e9824176dda7f8f0eb34',0),('admin','admin','2b3f8d349211086ae34568285e6f16b7',2),('eason','eason','72e5d1334d09824de723a19a111f257d',2);

/*!40101 SET SQL_MODE=@OLD_SQL_MODE */;
/*!40014 SET FOREIGN_KEY_CHECKS=@OLD_FOREIGN_KEY_CHECKS */;
/*!40014 SET UNIQUE_CHECKS=@OLD_UNIQUE_CHECKS */;
/*!40111 SET SQL_NOTES=@OLD_SQL_NOTES */;
